Date,Value,Forward_Fill,Backward_Fill
2026-02-01,,,78.0
2026-02-02,78.0,78.0,78.0
2026-02-03,64.0,64.0,64.0
2026-02-04,92.0,92.0,92.0
2026-02-05,57.0,57.0,57.0
2026-02-06,,57.0,88.0
2026-02-07,88.0,88.0,88.0
2026-02-08,,88.0,72.0
2026-02-09,72.0,72.0,72.0
2026-02-10,60.0,60.0,60.0
2026-02-11,,60.0,73.0
2026-02-12,73.0,73.0,73.0
2026-02-13,85.0,85.0,85.0
2026-02-14,,85.0,73.0
2026-02-15,73.0,73.0,73.0
2026-02-16,52.0,52.0,52.0
2026-02-17,71.0,71.0,71.0
2026-02-18,51.0,51.0,51.0
2026-02-19,73.0,73.0,73.0
2026-02-20,93.0,93.0,93.0
2026-02-21,,93.0,51.0
2026-02-22,,93.0,51.0
2026-02-23,51.0,51.0,51.0
2026-02-24,70.0,70.0,70.0
2026-02-25,82.0,82.0,82.0
2026-02-26,61.0,61.0,61.0
2026-02-27,71.0,71.0,71.0
2026-02-28,93.0,93.0,93.0
2026-03-01,,93.0,98.0
2026-03-02,98.0,98.0,98.0
