PostID,Platform,ContentCategory,UserInterest,Likes,Comments,Shares,WatchTimeSeconds,ClickThroughRate,Impressions,PaidPromotion,AdCategory,KeywordMatchScore
1,Google Search,Music,Education,2964,102,628,38,0.179,35650,1,Food,0.837
2,Facebook,Technology,News,4002,854,520,471,0.182,26321,1,Travel,0.896
3,Instagram,Technology,Technology,645,802,1378,305,0.212,27160,0,Food,0.305
4,Facebook,News,Sports,778,339,847,306,0.355,5584,1,Electronics,0.291
5,Facebook,Travel,Music,1415,863,1474,416,0.303,17161,0,Electronics,0.65
6,TikTok,Sports,Education,4542,439,354,414,0.235,14007,0,Travel,0.47
7,Instagram,Sports,News,748,451,827,355,0.047,7559,0,Gaming,0.856
8,Instagram,Entertainment,Travel,445,998,1165,429,0.048,18771,0,Education,0.91
9,Instagram,News,News,4221,312,763,191,0.011,46039,1,Fashion,0.418
10,Facebook,Technology,Music,4410,253,903,10,0.484,7991,0,Education,0.313
11,Google Search,Education,Music,2552,170,247,576,0.013,47795,0,Food,0.802
12,Instagram,News,News,1869,485,547,380,0.061,15359,1,Fashion,0.347
13,Facebook,Entertainment,Sports,767,988,1068,440,0.164,8573,1,Travel,0.84
14,TikTok,Entertainment,Gaming,2832,339,233,318,0.406,9577,0,Travel,0.481
15,Google Search,News,Music,4996,546,552,146,0.481,21453,1,Gaming,0.701
16,TikTok,Entertainment,News,3627,763,924,211,0.397,11883,0,Fashion,0.186
17,Google Search,News,Education,193,110,1251,445,0.348,49646,0,Electronics,0.661
18,Facebook,Music,News,3190,567,10,322,0.265,2853,0,Fashion,0.507
19,YouTube,News,Technology,4541,85,1350,126,0.052,24321,0,Food,0.628
20,Google Search,Travel,Gaming,2988,137,472,584,0.48,38067,1,Electronics,0.251
21,TikTok,News,Travel,3686,801,79,253,0.382,25360,0,Travel,0.763
22,Facebook,Entertainment,Sports,3272,904,8,546,0.323,21695,1,Fashion,0.877
23,Google Search,Travel,Travel,1217,142,650,84,0.382,12439,1,Education,0.295
24,YouTube,Entertainment,Gaming,2666,188,122,395,0.365,25838,1,Gaming,0.186
25,YouTube,Sports,Gaming,1112,405,885,219,0.322,22230,1,Education,0.121
26,Instagram,Sports,Gaming,2206,334,508,484,0.49,21927,0,Gaming,0.678
27,Instagram,Travel,Travel,3032,789,951,427,0.453,35696,1,Food,0.646
28,TikTok,Music,Education,3344,512,578,356,0.327,27583,0,Education,0.592
29,Google Search,Sports,Gaming,4779,856,1469,538,0.35,22010,1,Fashion,0.309
30,Google Search,News,News,1206,988,198,188,0.035,44564,1,Fashion,0.452
31,Instagram,Entertainment,Travel,782,73,851,191,0.338,8313,0,Education,0.635
32,Google Search,Sports,Gaming,4380,550,719,34,0.032,32098,0,Fashion,0.547
33,Google Search,Sports,News,4896,778,1420,189,0.298,47682,0,Food,0.989
34,YouTube,Music,Education,1003,57,1054,510,0.5,28070,1,Electronics,0.223
35,Instagram,Travel,Technology,2589,454,1463,170,0.282,27582,1,Food,0.726
36,Facebook,Travel,Education,3374,209,177,186,0.242,29741,0,Gaming,0.464
37,Instagram,Technology,Gaming,3351,130,1328,294,0.163,31178,0,Food,0.485
38,Facebook,Music,Travel,1592,751,330,72,0.069,45069,0,Gaming,0.746
39,YouTube,News,Music,1241,47,1438,165,0.368,12245,0,Fashion,0.723
40,TikTok,Travel,Gaming,3043,756,1146,478,0.104,26529,1,Electronics,0.992
41,Google Search,Entertainment,Music,2731,975,840,58,0.066,13525,0,Fashion,0.216
42,YouTube,Music,News,1267,887,728,93,0.217,36624,0,Travel,0.194
43,Google Search,Sports,Technology,1590,115,229,370,0.4,14788,0,Fashion,0.752
44,TikTok,Entertainment,Sports,3286,765,536,157,0.375,24150,0,Gaming,0.621
45,TikTok,Entertainment,Education,2436,667,117,351,0.037,7040,1,Fashion,0.347
46,YouTube,Sports,Technology,3769,187,144,485,0.233,32732,0,Fashion,0.171
47,TikTok,Music,Gaming,1438,852,563,72,0.266,16922,1,Electronics,0.177
48,Facebook,Sports,Music,1906,99,5,369,0.326,3842,0,Fashion,0.905
49,TikTok,Technology,Education,1415,975,94,570,0.329,42346,0,Electronics,0.273
50,Google Search,Entertainment,Music,549,378,658,336,0.189,36112,1,Education,0.391
51,Google Search,Education,Travel,1730,916,324,150,0.285,10896,0,Travel,0.304
52,Google Search,Education,Music,560,524,143,224,0.246,17982,1,Electronics,0.419
53,Google Search,News,Travel,4362,904,849,444,0.444,23911,1,Gaming,0.162
54,Facebook,Travel,News,1374,364,263,327,0.27,47266,0,Education,0.567
55,Instagram,Sports,Education,1205,904,906,41,0.226,13761,1,Electronics,0.161
56,YouTube,Sports,Education,1877,700,694,294,0.208,3593,1,Electronics,0.82
57,Google Search,News,Sports,3191,285,14,314,0.29,12222,1,Travel,0.31
58,TikTok,News,Gaming,3536,199,265,438,0.404,22542,1,Gaming,0.586
59,Google Search,News,Travel,1860,868,176,486,0.274,44913,1,Food,0.892
60,TikTok,Entertainment,Sports,2973,199,902,295,0.334,48351,1,Food,0.686
61,TikTok,Technology,Music,2264,671,17,153,0.372,28587,1,Electronics,0.58
62,Google Search,Sports,Music,4236,97,1196,433,0.265,32847,1,Fashion,0.392
63,Facebook,Entertainment,Sports,763,676,325,28,0.219,34256,0,Gaming,0.4
64,TikTok,News,Education,3652,950,1347,27,0.44,39714,0,Education,0.703
65,TikTok,Sports,Music,4184,65,333,599,0.215,16835,1,Fashion,0.995
66,Google Search,Entertainment,News,3572,638,789,380,0.236,29102,0,Fashion,0.696
67,TikTok,Technology,News,4318,55,781,184,0.495,49401,1,Gaming,0.602
68,TikTok,Entertainment,Sports,4798,407,915,203,0.01,34950,1,Electronics,0.758
69,Google Search,Technology,Travel,4899,793,1447,511,0.101,32696,0,Electronics,0.519
70,Google Search,News,Travel,1293,9,1123,122,0.198,6126,1,Electronics,0.154
71,YouTube,Technology,Sports,3759,470,322,123,0.467,7924,1,Electronics,0.606
72,Facebook,Sports,Travel,1131,608,240,231,0.044,13357,1,Food,0.962
73,Facebook,News,Education,505,686,338,273,0.015,45423,1,Electronics,0.258
74,TikTok,Sports,Education,4974,833,380,64,0.036,20482,0,Food,0.721
75,Facebook,Education,Travel,944,538,1487,467,0.053,11925,1,Food,0.281
76,TikTok,Music,News,1434,409,1165,171,0.028,2480,1,Electronics,0.582
77,YouTube,Technology,Travel,2008,842,592,389,0.245,48790,1,Travel,0.187
78,Google Search,Music,Education,3122,517,517,96,0.295,26931,0,Education,0.505
79,Google Search,Music,Technology,2046,649,1324,64,0.143,19940,1,Fashion,0.781
80,Google Search,Technology,Gaming,4335,237,1348,485,0.205,42252,0,Food,0.413
81,Facebook,News,Music,554,528,922,187,0.055,17675,0,Gaming,0.698
82,YouTube,Education,Technology,1264,350,1377,400,0.175,49151,1,Gaming,0.816
83,Facebook,Sports,Travel,1581,50,877,358,0.266,26885,1,Education,0.934
84,Facebook,Entertainment,News,3490,550,1257,17,0.369,38658,0,Gaming,0.311
85,YouTube,Sports,Sports,873,949,274,322,0.012,23519,1,Travel,0.459
86,YouTube,Entertainment,Travel,978,82,802,452,0.239,19139,0,Gaming,0.237
87,YouTube,Sports,News,183,734,1319,337,0.156,20494,0,Fashion,0.993
88,YouTube,Technology,Gaming,2155,817,729,63,0.428,34875,1,Fashion,0.934
89,Google Search,Education,Travel,3677,927,1193,248,0.361,22063,1,Food,0.586
90,Instagram,Entertainment,Education,4830,77,9,238,0.299,39841,0,Electronics,0.858
91,Instagram,Travel,Sports,1902,798,855,588,0.146,6276,0,Travel,0.569
92,YouTube,News,News,4960,253,1407,60,0.456,36944,0,Food,0.661
93,Instagram,Sports,News,4225,51,82,273,0.032,3880,0,Travel,0.18
94,Instagram,Sports,News,2983,125,1438,427,0.064,9211,1,Electronics,0.78
95,YouTube,Entertainment,Gaming,3334,218,578,105,0.202,9282,1,Gaming,0.215
96,Instagram,News,Travel,4348,243,136,97,0.071,17934,1,Gaming,0.843
97,Facebook,News,Gaming,2861,60,605,87,0.479,47265,1,Electronics,0.804
98,TikTok,Technology,Music,1300,354,1070,297,0.401,20517,1,Food,0.738
99,TikTok,Travel,Music,3562,111,93,129,0.137,31207,0,Electronics,0.133
100,YouTube,Technology,Travel,1306,835,406,500,0.298,39610,1,Education,0.373
101,Google Search,Technology,Education,3426,52,300,461,0.491,17843,1,Fashion,0.337
102,YouTube,Technology,Gaming,3536,577,1323,509,0.443,39327,1,Food,0.424
103,Google Search,Technology,Sports,3634,341,620,174,0.304,42152,1,Travel,0.179
104,TikTok,Technology,News,1446,30,804,191,0.453,6155,1,Education,0.943
105,YouTube,Education,News,3687,808,426,478,0.495,45359,0,Food,0.598
106,Facebook,News,Travel,3380,261,1051,16,0.374,15751,0,Electronics,0.375
107,Instagram,Technology,Education,2753,12,579,339,0.042,1026,0,Electronics,0.457
108,Google Search,News,Music,520,629,147,160,0.207,3724,1,Electronics,0.502
109,Instagram,News,Music,1403,871,997,94,0.421,48337,0,Electronics,0.641
110,Instagram,Music,News,2833,257,669,156,0.123,12036,0,Travel,0.564
111,YouTube,Education,Travel,2881,696,149,390,0.417,29041,1,Education,0.927
112,Instagram,Technology,Gaming,407,723,1253,557,0.069,14047,1,Gaming,0.547
113,Facebook,Sports,Music,3069,307,1011,294,0.033,35031,1,Fashion,0.993
114,Instagram,Entertainment,Gaming,717,643,507,91,0.198,9212,0,Travel,0.866
115,YouTube,Travel,Education,4518,60,825,523,0.028,39065,0,Travel,0.288
116,Facebook,Sports,Music,1195,730,108,532,0.479,9708,1,Gaming,0.938
117,TikTok,Education,Music,4235,530,1067,395,0.415,5609,1,Gaming,0.205
118,Instagram,Entertainment,Technology,3769,478,202,480,0.402,49768,0,Fashion,0.836
119,YouTube,Education,Music,2795,32,583,128,0.319,35701,0,Fashion,0.443
120,TikTok,News,Sports,589,987,395,405,0.116,17467,1,Gaming,0.89
121,TikTok,Entertainment,Travel,2829,82,1207,541,0.264,30259,1,Electronics,0.881
122,Google Search,News,Travel,4186,220,558,270,0.303,20672,0,Travel,0.825
123,Facebook,Sports,Gaming,4885,390,1476,265,0.267,37435,1,Food,0.811
124,Instagram,Sports,Education,3825,369,1043,235,0.138,27089,0,Fashion,0.374
125,YouTube,Entertainment,Music,2558,670,1317,62,0.262,30515,0,Fashion,0.173
126,Google Search,Entertainment,Sports,2829,530,482,509,0.251,29509,0,Gaming,0.463
127,Facebook,Technology,Gaming,974,703,1259,515,0.498,18273,0,Education,0.256
128,Google Search,Education,Technology,3006,316,927,373,0.45,41625,1,Food,0.725
129,Facebook,Technology,Gaming,1631,887,424,289,0.237,26643,1,Food,0.411
130,Facebook,Education,Gaming,3374,11,161,167,0.315,6654,0,Fashion,0.978
131,Instagram,Technology,Music,4535,7,554,68,0.376,22304,0,Electronics,0.677
132,Facebook,News,Technology,305,627,1469,137,0.027,42188,0,Education,0.84
133,Google Search,Entertainment,Gaming,4854,923,1125,124,0.449,21081,0,Food,0.219
134,Facebook,Sports,Sports,1888,754,1025,218,0.431,30587,0,Fashion,0.876
135,Instagram,Education,Sports,1994,367,1001,535,0.234,33481,1,Food,0.93
136,Instagram,Education,Travel,59,755,1439,530,0.202,4262,1,Education,0.538
137,Google Search,Sports,Technology,2921,512,955,561,0.144,46667,1,Education,0.646
138,TikTok,Technology,Technology,847,278,293,246,0.244,10268,1,Travel,0.788
139,TikTok,Education,Travel,1065,510,1282,290,0.032,43908,0,Gaming,0.257
140,Facebook,Travel,Gaming,1874,810,200,368,0.428,39999,0,Gaming,0.552
141,YouTube,News,Technology,4519,743,602,210,0.027,39059,0,Fashion,0.459
142,Facebook,Entertainment,Sports,3186,887,521,287,0.171,49090,0,Education,0.232
143,Google Search,Sports,Sports,2243,19,869,244,0.466,9283,0,Travel,0.431
144,Google Search,Entertainment,Music,273,196,1146,503,0.37,46889,1,Travel,0.161
145,Google Search,Travel,Technology,4998,989,810,13,0.148,30281,0,Food,0.123
146,Google Search,Education,Gaming,4208,635,1187,451,0.134,31311,1,Food,0.222
147,Google Search,Education,Travel,3975,489,819,38,0.012,49287,1,Travel,0.967
148,Instagram,Travel,Travel,4834,32,232,118,0.351,35988,1,Food,0.595
149,TikTok,Sports,Gaming,4050,718,220,84,0.034,9405,1,Education,0.969
150,Google Search,News,Education,1683,43,952,155,0.271,9627,0,Electronics,0.489
151,YouTube,Music,News,2202,957,19,137,0.481,22931,1,Education,0.381
152,YouTube,Sports,Music,560,277,1185,51,0.064,49653,1,Travel,0.556
153,YouTube,Music,Travel,434,235,1289,365,0.448,6868,1,Travel,0.496
154,YouTube,Travel,Technology,454,90,1185,50,0.496,27924,0,Education,0.195
155,Instagram,Technology,Music,4663,478,51,43,0.04,47324,0,Food,0.677
156,YouTube,Music,Technology,4621,130,328,26,0.443,45504,0,Food,0.294
157,Google Search,News,Education,2050,816,848,162,0.263,18833,1,Gaming,0.658
158,Facebook,Technology,Sports,2806,541,134,387,0.454,23616,1,Travel,0.685
159,YouTube,Music,Music,1718,149,1439,597,0.29,47719,0,Fashion,0.237
160,Instagram,Travel,Travel,1510,529,99,351,0.334,43701,1,Gaming,0.155
161,Instagram,Technology,Music,3686,216,631,36,0.276,16025,0,Food,0.803
162,YouTube,Travel,Music,2774,29,759,296,0.434,23898,0,Education,0.514
163,Facebook,Music,Music,4859,584,1320,177,0.37,33357,1,Food,0.152
164,YouTube,Travel,News,4228,398,798,277,0.265,10861,1,Education,0.995
165,Instagram,News,Music,2098,71,1311,464,0.435,16869,1,Gaming,0.152
166,TikTok,Music,Technology,4196,237,73,410,0.13,3541,1,Travel,0.726
167,Google Search,Music,Sports,4830,113,15,485,0.087,605,0,Food,0.985
168,Instagram,Music,Education,766,150,1282,567,0.089,9578,0,Education,0.315
169,YouTube,Sports,Gaming,4594,115,876,585,0.174,25503,0,Travel,0.228
170,Google Search,Sports,Music,4633,232,554,139,0.127,6590,0,Fashion,0.209
171,YouTube,Sports,Travel,1873,115,1162,372,0.466,39350,0,Education,0.373
172,YouTube,News,Music,2131,474,716,301,0.062,2425,1,Gaming,0.191
173,TikTok,Technology,Travel,3469,38,27,380,0.353,18940,0,Fashion,0.723
174,Google Search,Travel,Technology,1624,627,819,38,0.103,40185,0,Fashion,0.156
175,Google Search,Education,Travel,299,780,350,158,0.442,26515,0,Electronics,0.558
176,TikTok,Music,Gaming,723,940,306,305,0.481,33820,1,Food,0.997
177,Instagram,Travel,Sports,4583,373,367,20,0.238,25791,1,Education,0.833
178,YouTube,Music,Travel,2215,752,400,521,0.441,37179,1,Fashion,0.654
179,Facebook,News,Travel,820,599,222,122,0.013,26789,1,Electronics,0.376
180,YouTube,Music,Sports,4012,558,145,196,0.412,3889,0,Gaming,0.662
181,YouTube,Sports,Gaming,4413,429,962,236,0.122,26183,0,Travel,0.574
182,Instagram,Education,Music,2034,617,1238,319,0.455,14129,1,Education,0.483
183,YouTube,Entertainment,Travel,1127,522,989,107,0.011,25326,1,Fashion,0.218
184,TikTok,Music,Sports,285,696,997,64,0.283,35698,0,Food,0.898
185,TikTok,Travel,Technology,438,286,832,415,0.381,27130,0,Electronics,0.505
186,Google Search,Sports,Sports,3087,324,687,78,0.137,33726,1,Fashion,0.275
187,Facebook,Entertainment,Technology,4908,742,1488,321,0.105,46663,1,Food,0.431
188,YouTube,Education,Gaming,1898,447,1008,298,0.051,33475,1,Fashion,0.473
189,YouTube,Entertainment,Music,4769,956,360,557,0.17,1399,1,Education,0.845
190,Instagram,Sports,Sports,2864,319,1012,157,0.284,12153,0,Education,0.76
191,TikTok,Technology,Education,3424,881,1352,476,0.067,28461,0,Education,0.792
192,Facebook,Technology,Education,3328,970,1161,253,0.195,16905,0,Gaming,0.11
193,Google Search,Entertainment,News,1302,745,892,500,0.014,9101,1,Gaming,0.475
194,TikTok,News,Travel,4031,381,131,516,0.411,34162,1,Electronics,0.533
195,Google Search,Travel,Gaming,4723,293,1134,374,0.073,33782,0,Education,0.117
196,Instagram,Travel,Sports,2172,441,1013,491,0.149,21788,0,Food,0.334
197,Instagram,Entertainment,Education,4580,666,608,210,0.019,30045,0,Fashion,0.784
198,YouTube,Music,Travel,2200,281,1406,163,0.222,37377,0,Travel,0.223
199,Facebook,Music,Education,4909,714,1018,459,0.422,46526,1,Food,0.582
200,Google Search,Travel,Sports,1379,586,55,510,0.202,15813,0,Gaming,0.294
