post_id,platform,topic,format,post_time,caption_length,hashtag_count,creator_followers,impressions,views,likes,comments,shares,avg_watch_time_sec,completion_rate,age_hours
P100000,instagram,fashion,image,2025-10-11 23:28:07,277,6,306000,104733,62362,2872,517,194,,,2688.5
P100001,tiktok,food,short_video,2026-01-04 04:43:04,274,17,298303,92309,81620,5128,1272,712,24.299588345564008,0.7439326276606714,667.3
P100002,youtube,travel,long_video,2025-12-20 12:17:41,231,0,110865,19748,16142,2434,415,56,74.83141547334735,0.6289763919202653,1019.7
P100003,news_site,fashion,short_video,2025-11-23 23:34:08,42,9,396176,69877,54103,6178,691,137,20.095548026301923,0.99,1656.4
P100004,x,gaming,carousel,2025-11-23 06:15:39,90,16,345936,26641,11314,767,124,49,,,1673.7
P100005,x,travel,text,2026-01-14 14:34:50,203,20,376586,12015,4869,287,25,51,,,417.4
P100006,youtube,gaming,carousel,2025-10-11 13:42:41,300,5,234033,67714,30115,1736,190,269,,,2698.3
P100007,instagram,news,long_video,2025-12-25 18:37:48,245,13,446292,76232,47714,4718,704,976,130.40738568323695,0.9374049471914079,893.4
P100008,tiktok,politics,short_video,2025-10-25 18:44:16,126,3,195051,73934,43810,3357,368,646,12.342620276743997,0.36134552645554113,2357.3
P100009,news_site,gaming,image,2025-10-12 14:00:41,70,2,402925,38309,27229,1384,298,34,,,2674.0
P100010,instagram,food,short_video,2025-12-04 18:09:56,289,7,101923,22080,17433,1819,409,51,22.39564991319678,0.4415760238400859,1397.8
P100011,news_site,gaming,image,2026-01-29 00:02:12,83,18,123784,26740,13338,712,91,67,,,72.0
P100012,x,tech,text,2025-12-30 11:56:26,103,14,263467,28767,16694,968,161,22,,,780.1
P100013,tiktok,tech,long_video,2026-01-02 14:53:03,290,10,278027,41511,23857,1939,277,332,175.98506986666143,0.8419796297919302,705.1
P100014,x,music,carousel,2025-12-28 05:59:33,169,5,373158,20619,14052,1283,135,283,,,834.0
P100015,news_site,gaming,short_video,2026-01-05 16:27:41,79,2,148846,37317,23758,3148,434,692,21.23523210644166,0.5277419220180084,631.5
P100016,instagram,food,long_video,2025-12-03 03:02:40,1,5,436350,89561,78081,6855,810,1473,172.58984314136453,0.6375557730502359,1437.0
P100017,instagram,news,carousel,2025-10-16 18:11:29,129,3,165026,15338,7220,746,90,70,,,2573.8
P100018,x,gaming,carousel,2026-01-12 06:56:11,296,3,267184,46488,17031,1197,118,67,,,473.1
P100019,news_site,education,short_video,2025-11-25 09:32:20,130,14,465985,63973,35958,2005,167,106,17.020694549368347,0.99,1622.5
P100020,instagram,politics,carousel,2025-12-01 13:02:19,210,2,269793,51290,35963,3506,361,334,,,1475.0
P100021,x,music,long_video,2025-11-15 14:35:44,76,0,341011,66594,41327,3176,676,155,126.60561164227053,0.4876646411307831,1857.4
P100022,instagram,education,image,2025-10-23 10:53:11,233,11,454330,31533,12419,503,47,107,,,2413.1
P100023,x,music,text,2026-01-22 23:48:35,233,6,487300,17223,9184,484,60,66,,,216.2
P100024,x,news,carousel,2026-01-05 03:11:12,183,9,249803,21229,10668,672,106,83,,,644.8
P100025,instagram,education,short_video,2025-12-19 04:41:22,232,2,208572,60177,42469,3402,398,80,15.017465462004582,0.7041589625555762,1051.3
P100026,x,news,image,2025-11-19 11:55:37,174,4,98626,11454,6550,832,125,72,,,1764.1
P100027,news_site,news,carousel,2026-01-10 04:47:31,113,9,268811,22037,7892,559,47,117,,,523.2
P100028,news_site,fashion,long_video,2025-12-07 02:06:23,222,14,459185,20388,13638,1560,278,182,105.98419060851514,0.9772919024810809,1341.9
P100029,instagram,gaming,carousel,2025-11-24 12:57:30,251,8,243660,84322,62353,4813,825,826,,,1643.0
P100030,tiktok,news,image,2025-11-25 09:45:23,253,11,174369,36673,22420,1679,268,37,,,1622.2
P100031,tiktok,travel,short_video,2025-10-28 22:48:31,64,10,53822,30115,19010,1237,217,242,9.477450801309828,0.7350492798601671,2281.2
P100032,youtube,music,image,2025-10-12 07:59:06,203,5,194988,52570,29502,1823,284,403,,,2680.0
P100033,instagram,travel,carousel,2025-12-08 05:08:02,1,5,118503,30392,14701,1014,137,195,,,1314.9
P100034,news_site,sports,short_video,2026-01-18 05:03:02,172,8,488361,57693,35390,1608,161,87,15.35985932754589,0.697129366218783,330.9
P100035,x,news,short_video,2025-10-08 20:23:18,171,0,263912,34720,24888,1637,241,132,16.572037673799578,0.8091642861418394,2763.6
P100036,news_site,gaming,long_video,2026-01-14 13:40:32,109,14,68666,14035,12657,740,56,92,148.00521183395512,0.500280529034971,418.3
P100037,instagram,tech,long_video,2026-01-10 19:10:01,299,12,33873,35432,20300,1865,236,276,94.64042406313037,0.7852547528630688,508.8
P100038,instagram,gaming,text,2025-11-04 00:59:40,265,6,425401,52830,27385,1992,384,343,,,2135.0
P100039,news_site,politics,image,2025-12-17 16:40:23,11,7,465744,32055,16537,766,64,46,,,1087.3
P100040,tiktok,food,carousel,2025-10-21 07:45:22,62,6,381549,70731,34012,2931,262,621,,,2464.2
P100041,x,music,image,2026-01-02 05:52:29,62,13,62097,7230,5334,288,55,54,,,714.1
P100042,news_site,sports,image,2025-12-26 03:56:36,270,15,49323,18609,7815,172,22,14,,,884.1
P100043,instagram,news,carousel,2025-11-13 14:33:38,156,2,99150,14238,5845,335,71,49,,,1905.4
P100044,instagram,gaming,short_video,2025-10-09 08:29:59,219,8,375618,80546,51106,6114,1430,748,6.476097556726771,0.708561111281903,2751.5
P100045,instagram,politics,text,2026-01-28 09:30:01,243,0,382707,53633,32899,1215,245,28,,,86.5
P100046,instagram,fashion,long_video,2025-11-24 19:40:09,231,9,418956,61214,42972,3442,472,342,171.00434073122364,0.5162524554409208,1636.3
P100047,instagram,tech,long_video,2026-01-18 20:29:35,26,5,48647,16562,12924,1775,213,336,34.83081289201739,0.5425657999798559,315.5
P100048,news_site,education,long_video,2025-12-23 09:13:00,42,7,76776,17115,11877,530,90,57,148.88138521126317,0.4266552774968173,950.8
P100049,x,travel,image,2026-01-04 17:47:16,118,9,450158,40083,18496,1198,190,28,,,654.2
P100050,news_site,gaming,text,2026-01-02 11:13:22,101,6,464386,32434,19757,576,105,104,,,708.8
P100051,news_site,music,text,2025-10-24 22:34:24,224,8,362905,25243,9244,1110,147,239,,,2377.4
P100052,news_site,music,image,2025-11-14 18:15:01,47,16,53197,20241,11097,631,51,77,,,1877.7
P100053,tiktok,news,short_video,2025-11-27 09:45:36,111,17,34496,12029,10842,1024,105,105,10.495822037361425,0.5712191387200891,1574.2
P100054,tiktok,gaming,text,2025-12-01 05:28:49,71,0,27982,7065,3988,556,48,16,,,1482.5
P100055,news_site,politics,short_video,2025-10-06 09:18:31,56,7,345985,37475,29178,2497,237,436,17.682791608850234,0.9573437419749902,2822.7
P100056,tiktok,travel,text,2025-12-07 05:28:22,52,17,423014,67887,46258,2001,468,265,,,1338.5
P100057,instagram,travel,text,2025-10-19 23:27:45,58,11,315887,42484,31356,1569,118,233,,,2496.5
P100058,x,travel,short_video,2025-12-31 10:26:43,169,4,131198,36378,30745,2931,464,115,8.22770213714133,0.5161610660342657,757.6
P100059,news_site,politics,image,2025-12-24 00:21:37,123,12,378723,30316,18322,710,165,77,,,935.6
P100060,news_site,tech,carousel,2026-01-22 11:18:06,131,3,29753,12941,8621,276,34,26,,,228.7
P100061,news_site,tech,carousel,2025-12-31 14:32:15,144,0,414133,38300,17105,964,157,154,,,753.5
P100062,instagram,gaming,short_video,2025-11-15 02:19:44,223,13,445963,59454,37087,2549,419,58,17.050917739006373,0.4027403096624601,1869.7
P100063,x,news,short_video,2026-01-28 00:05:18,259,10,359231,60743,35706,5593,630,203,18.845953730514584,0.6530654302568127,95.9
P100064,news_site,news,short_video,2025-11-20 12:49:48,158,15,439656,69942,48204,3363,494,360,14.548498945457874,0.8137112579512253,1739.2
P100065,x,fashion,image,2025-11-10 01:50:10,193,7,293170,19493,7697,351,62,7,,,1990.2
P100066,news_site,food,carousel,2026-01-20 09:08:28,222,17,234288,18096,8421,392,65,8,,,278.9
P100067,news_site,tech,long_video,2025-11-15 13:35:49,207,8,161367,30579,21484,706,149,94,62.24010562830658,0.3739596723169373,1858.4
P100068,youtube,news,image,2025-10-10 09:21:54,40,15,460870,95256,53340,2303,522,103,,,2726.6
P100069,instagram,food,carousel,2025-11-27 18:07:43,295,2,348697,17787,12276,1401,176,114,,,1565.9
P100070,youtube,food,text,2026-01-06 20:50:49,49,2,95409,20066,15018,1987,404,311,,,603.2
P100071,tiktok,news,image,2025-10-24 07:19:09,123,16,478494,25353,9961,914,153,91,,,2392.7
P100072,instagram,politics,short_video,2025-11-26 22:36:01,196,17,29790,7496,6377,510,93,61,14.519841971473843,0.8819411113506166,1585.4
P100073,instagram,food,carousel,2025-10-16 23:31:41,121,19,293843,29717,14652,973,162,21,,,2568.5
P100074,x,food,image,2025-12-24 10:29:00,73,6,95433,12857,6963,296,56,20,,,925.5
P100075,youtube,education,short_video,2025-11-28 12:16:50,277,0,332239,46917,26694,3947,765,92,6.905704501832732,0.6486047514504305,1547.7
P100076,youtube,gaming,short_video,2025-11-10 14:44:22,21,20,206443,45034,25215,2076,268,285,16.7983762120182,0.47104117794758765,1977.3
P100077,x,sports,image,2025-10-28 21:50:10,74,12,218676,19868,13078,1750,325,277,,,2282.2
P100078,youtube,education,image,2025-12-09 10:24:12,298,5,335837,21735,7771,1053,112,37,,,1285.6
P100079,x,news,image,2025-12-22 09:17:26,219,16,378109,39523,21027,647,118,133,,,974.7
P100080,instagram,education,long_video,2026-01-24 15:47:00,26,18,190145,39989,31176,1782,366,292,120.71233443186759,0.6515268951294393,176.2
P100081,news_site,music,text,2025-11-23 18:28:20,227,5,498834,56935,30412,1207,238,91,,,1661.5
P100082,youtube,music,image,2025-10-20 18:21:05,291,16,249336,15984,6430,449,58,24,,,2477.6
P100083,instagram,food,carousel,2026-01-11 10:03:56,29,16,80362,17813,9067,634,98,79,,,493.9
P100084,news_site,fashion,carousel,2025-12-17 11:03:50,124,10,3398,2980,1534,203,27,44,,,1092.9
P100085,x,news,carousel,2025-12-26 03:10:56,140,13,101362,9274,3942,179,18,32,,,884.8
P100086,instagram,sports,carousel,2025-10-12 23:00:46,39,5,345608,47126,30751,2318,276,438,,,2665.0
P100087,instagram,sports,image,2025-11-08 10:06:22,60,19,269810,29645,14187,1099,258,167,,,2029.9
P100088,instagram,education,short_video,2026-01-03 10:40:30,52,20,169047,70400,63152,5384,640,571,18.000588834858966,0.3823060411934901,685.3
P100089,tiktok,music,carousel,2026-01-11 08:49:50,55,20,240791,91916,51132,3894,930,431,,,495.2
P100090,instagram,food,carousel,2025-11-23 12:45:34,121,15,419094,21395,14997,771,88,139,,,1667.2
P100091,x,travel,carousel,2026-01-07 23:39:50,139,0,285870,112598,44905,3221,566,77,,,576.3
P100092,youtube,tech,text,2026-01-12 12:40:26,71,7,29236,6054,2396,204,31,4,,,467.3
P100093,news_site,fashion,long_video,2025-11-17 15:50:09,87,9,24727,13035,11509,780,146,90,169.50331437072845,0.26517906907201383,1808.2
P100094,x,gaming,short_video,2026-01-19 11:09:15,57,20,241128,58165,48981,4668,822,500,22.46659971713419,0.50350786083809,300.8
P100095,x,tech,carousel,2025-11-05 11:08:40,239,11,202257,17237,8091,1005,190,119,,,2100.9
P100096,youtube,sports,text,2025-10-30 11:10:28,63,11,425280,54330,35601,3487,659,78,,,2244.8
P100097,instagram,gaming,text,2025-12-23 22:43:35,273,3,291572,31556,14140,902,152,141,,,937.3
P100098,instagram,fashion,image,2025-12-18 07:43:14,162,16,378479,48386,18576,802,72,170,,,1072.3
P100099,x,education,text,2025-10-18 04:32:57,241,7,292678,26951,13894,636,73,85,,,2539.5
P100100,instagram,politics,long_video,2026-01-11 10:14:19,191,1,172770,53103,47284,3156,606,422,53.30826891491586,0.727128441155034,493.8
P100101,instagram,gaming,image,2025-10-25 14:07:44,80,20,328735,40190,27740,1979,315,350,,,2361.9
P100102,tiktok,tech,long_video,2026-01-08 00:03:43,181,3,310790,57922,50849,3447,588,640,73.69088998519683,0.6366486340377093,575.9
P100103,news_site,gaming,image,2025-10-01 21:44:00,82,0,360163,72297,41437,1656,260,65,,,2930.3
P100104,youtube,education,image,2026-01-07 00:16:44,35,1,94782,27172,17381,787,100,60,,,599.7
P100105,x,travel,image,2026-01-05 19:00:01,76,9,320845,46326,28841,1041,190,24,,,629.0
P100106,youtube,education,short_video,2026-01-04 23:38:06,82,2,142877,28478,23746,1921,328,44,16.828999211097816,0.43617435497313084,648.4
P100107,instagram,education,long_video,2025-12-21 18:38:22,40,17,395163,28576,24369,1241,232,120,110.4174158222785,0.5879480126047629,989.4
P100108,tiktok,politics,short_video,2025-11-28 00:03:57,7,10,399302,49426,45695,3340,550,75,11.75660592878749,0.5505408622949345,1559.9
P100109,instagram,politics,image,2025-12-26 17:38:52,284,6,312455,25068,11954,703,137,16,,,870.4
P100110,x,fashion,image,2025-11-04 02:03:46,154,0,473359,61183,37419,1503,228,34,,,2133.9
P100111,instagram,sports,text,2026-01-05 00:42:42,121,10,268846,44854,24337,1829,378,43,,,647.3
P100112,tiktok,travel,text,2025-12-08 08:16:10,279,3,12763,4840,2668,236,22,42,,,1311.7
P100113,news_site,food,long_video,2025-11-26 10:43:09,67,20,303176,67287,63249,2945,519,356,135.07966619417112,0.7935436562279568,1597.3
P100114,youtube,tech,image,2025-12-02 04:32:58,121,6,388892,102261,63043,3584,657,260,,,1459.5
P100115,youtube,travel,text,2025-12-09 22:55:25,254,9,50776,12543,8733,633,100,124,,,1273.1
P100116,youtube,tech,long_video,2025-10-05 13:59:54,190,0,52479,13632,11837,769,90,100,130.03942857013374,0.8149729246721318,2842.0
P100117,x,fashion,short_video,2025-10-18 04:40:50,120,2,136723,56122,40772,2227,385,447,6.559731184178007,0.7272639884172182,2539.3
P100118,tiktok,sports,image,2025-10-31 04:39:37,77,4,422154,57701,21319,2254,324,500,,,2227.3
P100119,x,news,text,2025-10-15 02:05:33,10,1,263794,22703,8215,759,144,17,,,2613.9
P100120,news_site,music,short_video,2025-11-24 01:44:20,25,15,488224,48832,43587,4017,489,252,13.028852290657323,0.634576054282998,1654.3
P100121,youtube,food,image,2025-12-22 05:07:31,48,19,436519,30604,16752,1684,166,200,,,978.9
P100122,youtube,tech,carousel,2025-12-20 11:52:25,236,20,277505,21019,10346,470,77,53,,,1020.1
P100123,instagram,food,short_video,2025-11-27 22:40:33,192,5,339589,73997,61921,8904,1163,755,11.62426787185358,0.5875757665788381,1561.3
P100124,tiktok,news,image,2026-01-14 04:11:45,130,16,165634,17147,12723,1127,91,61,,,427.8
P100125,news_site,food,carousel,2025-12-09 12:34:36,235,10,45385,41404,18669,1870,285,77,,,1283.4
P100126,youtube,education,short_video,2025-10-10 17:47:26,48,0,199489,28572,19253,1883,283,106,20.551141047091985,0.7047538089944343,2718.2
P100127,tiktok,news,text,2026-01-03 02:16:35,63,1,296219,19269,8931,597,60,86,,,693.7
P100128,youtube,sports,image,2025-12-10 16:13:15,118,11,91259,25358,9590,550,92,60,,,1255.8
P100129,youtube,gaming,short_video,2025-12-18 01:41:17,276,8,111024,65956,49771,5144,779,159,19.82835186059497,0.9222649077942989,1078.3
P100130,youtube,food,text,2025-12-09 12:58:54,184,0,7694,3847,1349,77,13,1,,,1283.0
P100131,x,education,text,2025-12-08 02:09:58,256,19,367061,31050,19260,1701,220,213,,,1317.8
P100132,tiktok,tech,text,2025-10-12 03:21:07,74,15,449734,20414,9189,388,44,58,,,2684.6
P100133,x,travel,image,2025-12-08 18:46:45,255,10,413754,26626,17265,850,185,30,,,1301.2
P100134,youtube,travel,text,2026-01-06 18:34:54,21,20,190122,14414,9483,1359,217,129,,,605.4
P100135,news_site,food,text,2025-11-07 09:15:38,68,20,296809,10136,6483,290,20,12,,,2054.7
P100136,instagram,news,carousel,2025-12-14 03:34:41,157,20,480409,45051,16209,1124,210,26,,,1172.4
P100137,instagram,music,short_video,2025-10-04 18:58:27,15,5,295763,19047,11734,847,90,142,23.472794928716063,0.7044264596142961,2861.0
P100138,youtube,music,short_video,2025-11-12 17:49:03,258,18,148084,17824,16849,1625,318,121,10.03111855342681,0.46209096059469784,1926.2
P100139,youtube,politics,short_video,2025-11-23 17:11:22,261,10,169428,27584,18778,1272,230,92,20.13358432951635,0.5526518130099424,1662.8
P100140,x,sports,carousel,2026-01-29 21:02:36,162,15,363620,25439,11694,661,160,88,,,51.0
P100141,youtube,food,text,2025-10-27 09:27:14,92,18,223235,30441,20560,1889,407,46,,,2318.5
P100142,news_site,sports,text,2025-11-04 00:22:14,29,3,418685,41106,17024,710,76,33,,,2135.6
P100143,youtube,music,carousel,2025-11-20 05:58:35,186,9,432081,89254,54823,5726,1037,136,,,1746.0
P100144,instagram,politics,text,2026-01-31 02:20:55,161,2,18109,7420,4838,417,54,80,,,21.7
P100145,instagram,education,carousel,2026-01-13 23:14:44,228,5,361715,75190,27434,3244,516,76,,,432.8
P100146,news_site,education,long_video,2025-10-05 06:24:49,181,8,185105,29392,23949,1646,255,38,46.72455731308273,0.99,2849.6
P100147,instagram,fashion,short_video,2025-10-29 18:35:21,38,17,259972,45885,36812,5115,443,1066,22.9322841238103,0.6620594738129586,2261.4
P100148,news_site,travel,short_video,2026-01-10 01:34:57,36,18,132543,31045,28746,3133,228,403,16.811991429334817,0.6088738056374511,526.4
P100149,tiktok,food,image,2025-10-08 04:06:34,235,8,184242,32676,22891,1853,149,230,,,2779.9
P100150,instagram,education,long_video,2026-01-14 05:56:24,47,6,165324,25880,21280,1382,119,84,106.30717825460336,0.5542615637290097,426.1
P100151,tiktok,travel,carousel,2025-11-04 14:38:42,282,11,25379,8343,4135,286,34,61,,,2121.4
P100152,x,tech,carousel,2026-01-21 20:54:31,31,19,391429,26338,18159,2238,500,225,,,243.1
P100153,youtube,fashion,image,2025-11-06 02:41:19,219,20,71675,17633,7516,1092,165,95,,,2085.3
P100154,x,tech,text,2025-11-23 10:06:11,293,4,188024,19337,13121,1494,319,239,,,1669.9
P100155,x,fashion,image,2025-12-21 09:58:38,132,3,96673,11903,4543,397,80,22,,,998.0
P100156,youtube,fashion,long_video,2025-10-16 12:46:50,17,14,80472,14897,12710,707,121,16,127.32393491137557,0.4808067716589213,2579.2
P100157,x,tech,text,2025-12-08 12:21:31,263,6,186817,11667,4435,314,45,61,,,1307.6
P100158,news_site,news,image,2025-12-02 02:48:20,56,4,459399,61933,38470,1259,256,52,,,1461.2
P100159,youtube,news,short_video,2026-01-05 10:04:02,158,0,472082,75129,66448,3964,657,88,11.422734357854967,0.5078538989148117,637.9
P100160,instagram,fashion,short_video,2026-01-31 12:30:26,296,8,190973,23392,21595,2011,369,98,9.902401109074496,0.5716559748040291,11.5
P100161,youtube,sports,carousel,2025-12-21 17:03:12,224,8,252675,60523,44939,3945,819,107,,,990.9
P100162,news_site,music,long_video,2025-11-20 07:55:05,13,11,492852,40885,31070,3033,487,175,71.33845345377773,0.5220616073094778,1744.1
P100163,tiktok,tech,short_video,2025-11-19 23:39:14,246,4,117573,19592,18047,1883,308,307,15.667980557758693,0.2662233647235766,1752.3
P100164,news_site,news,short_video,2025-11-21 09:48:50,48,15,472364,77037,71960,5445,1216,632,10.456396471277513,0.3858048015909414,1718.2
P100165,youtube,education,short_video,2026-01-09 02:59:16,225,14,53053,13810,8302,564,76,29,19.72182142337863,0.6217920054296505,549.0
P100166,x,news,text,2025-11-09 12:13:43,186,9,113081,10278,6244,346,68,22,,,2003.8
P100167,tiktok,sports,long_video,2025-10-21 12:54:14,86,3,169285,41904,34749,1851,159,383,140.50745109453618,0.5665111248864823,2459.1
P100168,news_site,music,carousel,2025-11-11 02:49:41,127,10,18734,11125,4942,152,12,33,,,1965.2
P100169,instagram,gaming,text,2025-10-03 19:02:45,35,14,407902,38314,21023,2038,288,46,,,2885.0
P100170,tiktok,fashion,text,2025-10-14 01:19:58,297,7,427736,24145,15499,733,69,161,,,2638.7
P100171,youtube,fashion,text,2025-10-12 01:49:16,71,5,191794,34907,15048,1411,292,33,,,2686.2
P100172,youtube,fashion,long_video,2026-01-03 21:37:21,92,10,418225,49102,38051,4377,336,835,124.6355894147512,0.6662165624068253,674.4
P100173,youtube,fashion,carousel,2025-12-28 20:24:16,151,7,386298,128369,95149,5528,976,174,,,819.6
P100174,instagram,food,long_video,2025-12-25 16:52:01,202,8,400742,51878,41999,3809,444,728,42.831636381141394,0.564323191630188,895.1
P100175,tiktok,gaming,carousel,2025-11-26 19:27:41,152,7,401391,24672,10430,650,153,66,,,1588.5
P100176,instagram,fashion,carousel,2025-12-28 04:45:23,152,6,286826,47185,22771,1043,135,100,,,835.2
P100177,youtube,gaming,short_video,2025-10-20 20:04:27,175,15,55588,51244,33790,3248,243,351,19.18655355528505,0.5685132567973196,2475.9
P100178,tiktok,fashion,text,2026-01-19 18:38:05,258,9,461758,88944,53298,2773,232,587,,,293.4
P100179,youtube,tech,short_video,2025-12-01 15:05:02,118,9,304408,144752,91578,6904,1092,648,15.113937200423674,0.8263140879796753,1472.9
P100180,youtube,music,carousel,2026-01-24 09:07:38,250,13,450651,34931,26011,3745,835,100,,,182.9
P100181,x,fashion,short_video,2025-10-19 17:37:31,236,7,479556,83240,51716,2479,580,207,17.56078495839864,0.5402964821243083,2502.4
P100182,youtube,music,carousel,2025-12-01 04:07:05,289,2,93743,16358,10305,917,112,86,,,1483.9
P100183,x,education,long_video,2025-12-25 15:32:15,274,17,201188,26649,16335,777,122,141,130.3292975690365,0.5010060806268354,896.5
P100184,youtube,food,carousel,2025-11-30 23:05:14,240,1,96408,12885,8928,939,83,134,,,1488.9
P100185,x,politics,short_video,2025-11-24 21:03:11,74,12,25661,6296,5048,399,66,73,10.137047234030307,0.8363649111146854,1634.9
P100186,x,gaming,carousel,2025-10-21 10:39:50,233,5,483209,38671,15180,1241,202,93,,,2461.3
P100187,tiktok,music,carousel,2025-11-16 20:46:28,221,4,461666,100583,74361,4345,504,749,,,1827.2
P100188,tiktok,sports,text,2025-10-30 08:50:16,87,0,465884,75328,52402,2563,426,208,,,2247.2
P100189,x,food,carousel,2025-11-07 02:03:48,204,18,441856,42405,19992,1984,417,84,,,2061.9
P100190,tiktok,news,image,2025-12-24 02:17:02,76,9,324457,22117,13714,2181,148,139,,,933.7
P100191,youtube,travel,carousel,2025-12-17 12:35:38,157,7,261166,39299,21096,1829,198,236,,,1091.4
P100192,instagram,fashion,short_video,2025-12-14 16:26:37,239,15,495738,42614,30782,2242,220,122,7.802364873516577,0.5463139526583495,1159.6
P100193,youtube,politics,image,2025-11-14 12:04:14,56,0,276216,58015,26960,1922,189,404,,,1883.9
P100194,youtube,sports,carousel,2026-01-27 01:00:44,101,11,321287,83049,33586,4735,483,826,,,119.0
P100195,x,politics,image,2025-10-11 18:44:33,239,10,106028,22897,13045,766,141,137,,,2693.3
P100196,youtube,education,short_video,2025-11-12 03:19:40,136,11,373404,45465,37478,5368,487,890,11.214719955134292,0.5778908076178897,1940.7
P100197,tiktok,gaming,long_video,2025-10-15 12:21:12,289,2,409761,20701,18349,1341,237,31,85.8193597035438,0.48127889187303297,2603.6
P100198,news_site,sports,text,2025-11-11 16:33:43,2,20,339328,11646,5079,272,52,6,,,1951.4
P100199,youtube,news,carousel,2026-01-27 07:31:17,217,5,249400,70745,51322,4694,977,114,,,112.5
P100200,news_site,music,text,2025-11-15 01:12:35,245,14,99094,10491,6352,440,73,13,,,1870.8
P100201,x,sports,carousel,2026-01-20 18:07:47,276,15,17132,3656,2595,126,14,26,,,269.9
P100202,youtube,sports,long_video,2025-11-30 21:26:01,47,7,313729,114992,96498,5195,502,1143,33.896864502186745,0.6978454829843148,1490.6
P100203,news_site,politics,short_video,2025-12-26 01:32:06,296,2,341570,78461,60258,6548,666,376,17.997356896551572,0.6417278637520332,886.5
P100204,instagram,gaming,long_video,2025-11-26 06:17:46,118,6,386353,61807,40687,4855,1135,482,74.82032861952047,0.9753820597989171,1601.7
P100205,news_site,music,long_video,2025-11-02 16:50:52,105,16,475258,43948,29935,3582,853,428,83.8048177445782,0.22211845753041498,2167.2
P100206,news_site,music,short_video,2026-01-03 00:00:18,107,19,248781,35150,32487,5122,609,115,16.14372786096876,0.7044813739185539,696.0
P100207,youtube,sports,carousel,2026-01-28 05:00:30,192,19,414609,57167,26069,2149,238,48,,,91.0
P100208,x,music,short_video,2025-11-02 09:55:31,198,4,358202,106259,78670,5859,854,337,10.299926848400888,0.7668206616269541,2174.1
P100209,youtube,education,text,2026-01-04 18:52:20,142,12,138743,24759,13095,1521,183,225,,,653.1
P100210,tiktok,politics,text,2025-11-02 02:53:06,21,3,422591,59880,28765,2591,528,59,,,2181.1
P100211,x,tech,text,2025-12-28 04:15:34,296,14,26851,8976,4116,164,18,34,,,835.7
P100212,tiktok,tech,image,2026-01-06 01:08:49,66,8,299525,28257,17220,906,118,111,,,622.9
P100213,tiktok,sports,short_video,2025-11-25 06:30:54,28,14,470187,105766,76780,7695,1094,1022,15.668944235475568,0.7304623962838017,1625.5
P100214,youtube,travel,image,2025-12-30 15:23:11,179,14,329549,37467,18214,1222,103,56,,,776.6
P100215,news_site,gaming,long_video,2025-11-03 11:39:25,124,20,468543,17158,9711,670,80,15,57.235670820003676,0.7598287589568771,2148.3
P100216,tiktok,politics,text,2025-10-10 17:57:22,185,10,28267,2956,1243,134,26,3,,,2718.0
P100217,youtube,politics,image,2025-10-12 20:32:45,263,7,266301,21950,9622,825,85,178,,,2667.5
P100218,instagram,gaming,long_video,2025-11-24 23:36:50,29,11,390349,71276,58662,7974,1285,623,112.39320176090624,0.5781440240995893,1632.4
P100219,instagram,politics,text,2026-01-20 00:28:55,85,3,321230,33110,11601,383,54,63,,,287.5
P100220,instagram,fashion,text,2025-10-16 16:36:24,155,2,440292,43744,23600,1815,166,83,,,2575.4
P100221,instagram,food,carousel,2025-11-26 01:27:05,237,10,231407,76572,27993,2572,212,552,,,1606.5
P100222,news_site,fashion,image,2025-12-26 14:18:08,180,17,341365,17649,8104,225,28,49,,,873.7
P100223,news_site,travel,text,2025-10-25 21:22:35,115,11,209998,21768,16281,676,53,68,,,2354.6
P100224,news_site,food,text,2025-12-28 18:12:41,183,16,436085,35161,25223,915,120,106,,,821.8
P100225,instagram,education,short_video,2025-11-07 15:11:01,294,3,59900,12692,10562,945,170,21,15.282017283836465,0.7411992498903471,2048.8
P100226,instagram,gaming,text,2026-01-08 11:09:58,144,9,127209,20424,9681,1250,249,204,,,564.8
P100227,tiktok,education,image,2025-12-11 05:51:21,265,12,48557,6051,3240,476,95,11,,,1242.1
P100228,youtube,tech,long_video,2025-12-07 06:28:12,234,7,351109,112596,81025,4506,689,992,117.52890935878578,0.608609432794978,1337.5
P100229,tiktok,education,image,2025-10-22 17:49:59,90,0,116519,18710,12556,969,193,173,,,2430.2
P100230,youtube,fashion,text,2025-11-26 23:23:01,75,1,158705,61352,24571,1952,340,138,,,1584.6
P100231,instagram,education,long_video,2026-01-14 08:43:30,231,19,418353,45172,31909,2667,302,540,79.18767636894435,0.4902383838222069,423.3
P100232,x,news,text,2025-10-03 09:38:05,62,12,180219,25359,13103,954,111,88,,,2894.4
P100233,tiktok,music,short_video,2026-01-02 07:08:57,101,5,73086,26788,17090,1615,275,338,7.670033907731298,0.6275102503887044,712.9
P100234,instagram,sports,image,2025-11-30 14:38:03,70,5,10681,4928,3464,453,97,73,,,1497.4
P100235,x,gaming,image,2025-12-28 11:51:16,182,0,113503,15572,6119,688,93,27,,,828.1
P100236,news_site,education,carousel,2025-12-21 14:03:19,88,19,457359,43740,25357,931,107,190,,,993.9
P100237,instagram,fashion,long_video,2025-11-23 03:32:18,198,2,274397,49879,29058,3041,650,72,129.20239988957235,0.34316136015747567,1676.5
P100238,youtube,politics,image,2025-11-07 23:11:07,281,15,497417,31892,19915,2049,177,170,,,2040.8
P100239,news_site,news,text,2025-12-17 03:48:55,249,5,107722,11988,8590,488,116,63,,,1100.2
P100240,x,sports,carousel,2025-10-18 05:56:31,285,7,175869,18173,9666,1102,201,25,,,2538.1
P100241,news_site,music,short_video,2025-12-11 20:15:25,7,5,81770,59272,40749,2878,602,266,6.588192052463457,0.6130239804719217,1227.7
P100242,youtube,travel,carousel,2025-10-12 15:32:19,137,17,199310,32192,18726,1421,279,98,,,2672.5
P100243,tiktok,travel,short_video,2025-12-19 22:20:49,66,0,281745,128494,87331,7377,852,1604,20.169602374253067,0.5847606418206623,1033.7
P100244,x,food,short_video,2025-12-17 08:03:21,276,7,404102,43998,34121,1701,265,39,7.196024185450786,0.4683660142045798,1095.9
P100245,instagram,tech,image,2025-10-11 09:16:46,214,5,184173,33315,16196,1121,206,38,,,2702.7
P100246,tiktok,sports,short_video,2026-01-02 04:06:14,96,5,385811,42472,33895,2574,474,125,11.960690950938138,0.5628793193419095,715.9
P100247,x,news,long_video,2025-11-21 03:27:48,169,4,313154,29906,22035,1184,122,26,64.76499348052813,0.8186596767358574,1724.5
P100248,x,news,text,2026-01-05 18:53:18,182,19,146047,14229,5877,688,72,121,,,629.1
P100249,instagram,gaming,carousel,2025-10-06 02:50:42,149,7,456120,124221,58706,5882,664,135,,,2829.2
P100250,youtube,music,text,2025-10-23 01:45:19,142,8,217235,33017,12017,815,112,31,,,2422.2
P100251,tiktok,politics,text,2025-11-30 18:15:38,16,8,75666,26287,12158,691,100,15,,,1493.7
P100252,youtube,sports,text,2025-10-24 03:38:26,136,20,481356,57451,35278,2563,465,58,,,2396.4
P100253,news_site,gaming,carousel,2025-11-10 13:45:00,104,7,456734,113996,46386,4696,796,104,,,1978.2
P100254,instagram,gaming,text,2025-12-21 06:05:17,246,7,24960,6928,2733,125,23,19,,,1001.9
P100255,news_site,travel,short_video,2025-10-18 18:38:07,260,6,451264,172042,160201,10863,1152,567,19.11764103725801,0.3000193889905895,2525.4
P100256,youtube,fashion,image,2025-12-23 08:34:44,225,6,473699,43822,16697,1715,232,39,,,951.4
P100257,x,news,carousel,2025-10-13 17:14:43,9,1,414577,26789,18748,745,89,56,,,2646.8
P100258,youtube,news,long_video,2025-10-22 13:08:47,253,12,127647,13980,11701,833,95,153,50.62229786831605,0.6121083264155069,2434.9
P100259,tiktok,food,image,2025-12-12 06:43:35,119,0,315716,134664,49640,3235,221,163,,,1217.3
P100260,x,food,short_video,2026-01-06 14:21:44,125,4,269212,60791,50770,3472,462,653,13.179452275661877,0.7575870133417288,609.6
P100261,x,politics,long_video,2025-10-21 23:35:25,284,4,310149,30213,22220,1321,148,162,110.1738248566716,0.6194771119524688,2448.4
P100262,instagram,travel,image,2025-11-06 21:34:43,261,6,308298,64976,48652,3432,542,242,,,2066.4
P100263,x,fashion,short_video,2026-01-22 18:57:15,15,15,319678,53206,30100,4156,374,887,19.25376478206544,0.655968445397286,221.0
P100264,x,travel,carousel,2026-01-30 17:32:45,108,12,257097,75223,34919,2176,236,147,,,30.5
P100265,tiktok,sports,short_video,2025-12-11 11:17:32,225,20,345309,29177,25960,2425,215,527,9.75182237640958,0.32564111632115506,1236.7
P100266,news_site,gaming,carousel,2025-11-24 23:39:23,162,7,263397,34576,23948,3635,589,86,,,1632.3
P100267,x,food,text,2025-11-12 15:57:34,77,19,8437,2006,1287,64,9,1,,,1928.0
P100268,tiktok,music,image,2025-12-15 07:57:28,157,0,17833,3430,1848,260,33,38,,,1144.0
P100269,instagram,food,text,2025-12-12 16:22:56,260,10,479054,59268,26542,1770,162,155,,,1207.6
P100270,x,music,long_video,2025-11-06 06:06:39,67,16,454643,40801,30860,4156,971,426,136.41432217328503,0.4544018266096562,2081.9
P100271,tiktok,politics,text,2025-10-03 19:19:01,224,11,292884,43822,30317,2908,433,66,,,2884.7
P100272,x,tech,text,2025-10-19 15:13:22,221,19,87459,32279,16462,1213,192,27,,,2504.8
P100273,youtube,education,image,2026-01-26 21:39:59,266,6,390776,39917,24646,1456,241,250,,,122.3
P100274,youtube,sports,text,2025-11-21 10:23:35,89,0,71816,13068,6666,336,62,7,,,1717.6
P100275,instagram,gaming,short_video,2025-11-29 07:45:34,64,16,188765,41206,29257,2737,565,72,25.607642031195482,0.6081178655158581,1528.2
P100276,x,politics,text,2025-11-27 10:54:04,164,1,165063,27593,15451,1420,184,136,,,1573.1
P100277,instagram,travel,text,2026-01-05 06:38:03,159,16,6396,2037,1345,88,14,2,,,641.4
P100278,youtube,food,short_video,2025-10-08 23:45:06,123,15,403543,47830,29049,2209,239,285,24.595329992549765,0.5966845305312695,2760.2
P100279,news_site,gaming,carousel,2025-10-11 04:13:08,234,17,254965,51365,27108,1538,256,62,,,2707.8
P100280,news_site,fashion,image,2025-11-03 22:18:03,240,10,158263,24095,11732,1017,144,174,,,2137.7
P100281,news_site,politics,image,2025-11-29 20:36:54,73,18,253693,9801,4895,499,38,95,,,1515.4
P100282,news_site,gaming,carousel,2025-12-22 13:09:28,239,3,200,300,121,5,1,0,,,970.8
P100283,youtube,travel,text,2025-11-30 08:34:00,69,9,218607,58208,27286,1202,267,156,,,1503.4
P100284,tiktok,tech,short_video,2025-11-24 06:19:40,122,2,259886,76543,66988,7240,830,678,22.910892851080085,0.4363408038240678,1649.7
P100285,news_site,gaming,short_video,2026-01-24 08:27:48,8,16,169990,22368,20187,2595,619,231,9.875429430415345,0.5766740280615308,183.5
P100286,news_site,tech,carousel,2025-10-20 19:19:40,102,14,415224,41814,17434,1997,224,67,,,2476.7
P100287,news_site,sports,short_video,2025-12-10 07:44:27,288,16,125063,22852,20063,900,125,66,14.80753603169574,0.6534104313843766,1264.3
P100288,x,music,long_video,2025-12-06 16:42:22,133,16,69084,19951,15053,1004,205,57,44.508941738631194,0.524394402495634,1351.3
P100289,instagram,sports,text,2025-11-28 05:44:26,213,6,263866,15814,7091,305,38,55,,,1554.3
P100290,youtube,gaming,long_video,2026-01-08 08:01:38,32,1,443660,52332,46899,3379,482,369,59.619854037211866,0.7344463871939783,568.0
P100291,youtube,politics,long_video,2025-11-02 20:06:43,191,19,187764,35568,25059,3825,599,85,107.30587839457127,0.1885875614994968,2163.9
P100292,news_site,travel,text,2026-01-26 07:32:14,111,10,23503,5490,3166,94,8,13,,,136.5
P100293,tiktok,food,short_video,2025-11-10 18:47:29,223,1,484971,106405,71500,4423,608,466,9.41288718765388,0.282677160512539,1973.2
P100294,tiktok,gaming,text,2025-12-07 00:51:11,279,19,222259,16107,7859,435,49,24,,,1343.1
P100295,instagram,travel,carousel,2025-12-04 01:01:29,160,20,86629,20246,11867,949,170,85,,,1415.0
P100296,news_site,news,image,2026-01-13 12:32:38,30,9,307884,46846,25889,1925,184,306,,,443.5
P100297,x,travel,short_video,2025-11-23 23:39:59,143,16,159968,34113,24636,2152,242,362,10.576930016155359,0.921935484802568,1656.3
P100298,instagram,food,image,2025-11-05 00:01:04,37,0,468908,52285,27644,2885,561,415,,,2112.0
P100299,youtube,fashion,image,2025-10-03 15:47:55,135,1,147121,26969,15298,615,57,52,,,2888.2
P100300,youtube,news,text,2025-11-14 17:34:41,18,5,275157,20347,9297,1096,138,25,,,1878.4
P100301,youtube,news,long_video,2026-01-10 15:12:48,192,13,271745,38624,35502,2519,415,57,127.30795787130884,0.6482164693185258,512.8
P100302,news_site,food,carousel,2025-10-02 05:16:21,93,2,121372,38308,14483,1257,217,28,,,2922.7
P100303,instagram,politics,text,2026-01-19 05:27:58,60,0,249740,25390,12305,494,44,78,,,306.5
P100304,tiktok,fashion,image,2025-12-06 18:25:31,5,14,54714,8951,6012,400,84,34,,,1349.6
P100305,instagram,politics,carousel,2025-10-18 06:00:54,267,16,321941,26777,12149,1008,177,24,,,2538.0
P100306,tiktok,politics,long_video,2025-11-07 04:01:59,251,15,379207,54904,33247,4562,515,102,132.58029652712506,0.776473918274393,2060.0
P100307,news_site,gaming,carousel,2025-12-08 03:30:52,244,16,475010,39916,20517,753,134,17,,,1316.5
P100308,news_site,music,long_video,2025-11-08 19:55:23,17,16,163025,30923,23581,1534,279,82,145.70527564862135,0.6335020560222767,2020.1
P100309,instagram,education,text,2025-10-14 08:30:56,105,12,142753,22926,16425,742,116,21,,,2631.5
P100310,x,music,image,2025-12-21 21:59:56,292,10,274494,40508,19740,1670,246,38,,,986.0
P100311,tiktok,travel,image,2025-12-22 16:27:09,174,17,346447,84155,37421,3715,621,83,,,967.5
P100312,instagram,music,text,2025-10-15 14:55:00,38,7,496233,67239,47990,5702,1196,133,,,2601.1
P100313,tiktok,food,short_video,2025-11-04 14:12:07,42,2,12715,5765,3778,296,48,26,7.170805725427688,0.6495617850762436,2121.8
P100314,instagram,fashion,short_video,2025-10-30 23:54:49,79,15,119305,17282,11874,1353,276,129,22.753590240151606,0.5817791230623324,2232.1
P100315,youtube,news,short_video,2025-12-21 02:36:55,292,5,131341,28477,23056,3258,600,163,19.557287286102017,0.50109436426816,1005.4
P100316,news_site,politics,short_video,2025-12-29 19:49:56,51,20,127839,18021,13499,522,109,39,13.199855895602587,0.5352969525180344,796.2
P100317,youtube,sports,long_video,2025-12-29 10:05:16,271,8,231967,25299,14858,1445,283,32,50.74266644222419,0.5921806595863534,805.9
P100318,x,sports,short_video,2026-01-24 11:13:22,204,17,436480,40317,23352,2627,269,341,8.096117997631152,0.4817894277386218,180.8
P100319,youtube,news,image,2026-01-03 13:02:49,277,0,15691,4704,2071,123,12,17,,,683.0
P100320,instagram,fashion,long_video,2025-11-09 10:38:44,248,13,407957,35045,21951,1185,197,131,117.30859319362447,0.5699282081001064,2005.4
P100321,instagram,news,long_video,2025-10-14 06:03:04,99,9,308911,34807,27613,3182,434,194,40.75039364913047,0.5099691433279471,2633.9
P100322,tiktok,travel,image,2025-12-15 14:25:31,249,9,307676,73401,27792,1328,209,94,,,1137.6
P100323,tiktok,sports,carousel,2026-01-21 16:04:00,50,5,339219,61421,22392,1488,311,202,,,247.9
P100324,news_site,fashion,long_video,2026-01-28 22:39:29,87,20,57881,38501,24406,1500,294,34,86.77449408566913,0.5511117981278681,73.3
P100325,news_site,gaming,long_video,2025-10-29 07:35:29,63,8,373416,56614,33201,2830,397,379,90.3267249872782,0.6462548775484476,2272.4
P100326,news_site,fashion,image,2025-10-30 02:00:59,40,17,124216,14423,10061,418,76,29,,,2254.0
P100327,x,gaming,image,2025-10-05 14:26:30,27,8,258383,31406,12384,581,64,122,,,2841.6
P100328,youtube,gaming,short_video,2025-10-18 09:00:20,56,1,338503,83966,60470,5529,837,379,7.7457077969508905,0.5623860589211154,2535.0
P100329,x,education,short_video,2025-12-08 05:55:27,36,18,302051,44964,41979,5004,370,538,6.856599981873794,0.39557709621622117,1314.1
P100330,youtube,music,text,2025-12-07 06:09:47,114,3,161697,66513,32967,5116,701,116,,,1337.8
P100331,x,sports,short_video,2025-11-15 14:57:44,21,5,198153,23802,19898,937,161,186,9.000475942196337,0.5289897135296914,1857.0
P100332,x,travel,text,2025-11-08 02:59:18,18,18,238360,29177,20997,1493,247,33,,,2037.0
P100333,x,education,carousel,2026-01-11 01:32:20,297,18,20818,5730,3254,160,26,3,,,502.5
P100334,x,gaming,short_video,2025-11-26 14:01:12,26,19,363075,23311,22044,2514,335,410,21.598585210964004,0.99,1594.0
P100335,instagram,gaming,image,2026-01-08 09:57:29,22,8,50155,18805,14024,697,55,147,,,566.0
P100336,x,fashion,short_video,2026-01-27 11:24:04,9,15,229400,55956,33148,1987,189,392,22.77765523928576,0.24763814830055103,108.6
P100337,tiktok,news,image,2025-11-09 00:11:38,39,6,327566,28231,20407,1168,235,26,,,2015.8
P100338,x,education,short_video,2025-10-25 22:29:00,158,15,40379,11224,7590,549,121,40,24.06191509317579,0.7566744720851782,2353.5
P100339,youtube,politics,carousel,2026-01-26 04:57:31,249,10,497778,25470,14047,1139,140,138,,,139.0
P100340,news_site,gaming,image,2025-12-18 02:01:16,221,1,188736,16176,11627,880,94,64,,,1078.0
P100341,tiktok,politics,image,2025-11-05 18:47:21,174,8,8098,7058,3903,292,37,6,,,2093.2
P100342,news_site,travel,short_video,2025-12-16 11:43:49,25,9,329385,39107,26904,1199,204,28,24.53877590714454,0.753486199971658,1116.3
P100343,news_site,music,text,2025-12-03 08:26:54,233,5,278880,16414,7534,635,76,30,,,1431.6
P100344,tiktok,fashion,image,2026-01-20 09:07:50,11,7,320237,48723,29893,1925,174,410,,,278.9
P100345,youtube,gaming,short_video,2025-11-01 11:36:31,189,10,375554,58340,35778,5171,638,117,10.039776598827608,0.6525566407548176,2196.4
P100346,youtube,gaming,carousel,2026-01-30 22:33:42,123,1,237921,39217,17088,993,117,179,,,25.4
P100347,x,education,text,2026-01-24 03:12:01,265,3,413422,42679,27048,820,109,174,,,188.8
P100348,x,music,short_video,2025-10-23 05:25:56,92,16,185200,17790,16572,1488,132,41,19.32262727825943,0.4981745056762348,2418.6
P100349,news_site,fashion,text,2025-10-21 05:55:20,192,7,272693,17034,8669,867,159,120,,,2466.1
P100350,tiktok,education,carousel,2025-12-05 13:52:43,132,12,79426,21603,7599,571,94,101,,,1378.1
P100351,youtube,tech,image,2025-10-06 12:34:34,157,11,310034,69723,36858,2407,267,216,,,2819.4
P100352,youtube,music,short_video,2025-11-06 18:03:05,282,11,130946,56040,32534,2229,362,275,7.878727931841824,0.7764785768388707,2069.9
P100353,news_site,sports,long_video,2025-11-23 12:24:23,214,8,348423,33026,20837,2790,446,513,140.37274014696135,0.7171792977048618,1667.6
P100354,tiktok,education,text,2026-01-28 05:35:23,124,10,400567,64508,33689,1577,296,38,,,90.4
P100355,youtube,sports,text,2026-01-31 01:29:32,134,17,429511,28433,10883,521,106,12,,,22.5
P100356,instagram,news,text,2025-10-19 15:20:45,212,20,464555,69317,31904,2772,243,197,,,2504.7
P100357,news_site,news,long_video,2026-01-18 16:13:51,104,5,61320,8358,6776,211,46,24,118.0404779351751,0.7493556023559229,319.8
P100358,tiktok,tech,carousel,2025-10-12 04:25:18,50,14,69168,35580,16845,2276,401,97,,,2683.6
P100359,tiktok,gaming,short_video,2026-01-01 01:53:26,140,20,463105,59595,43290,5207,860,120,25.041447586679944,0.4951227454013801,742.1
P100360,youtube,travel,image,2026-01-13 00:20:13,20,0,190537,82829,59349,5322,745,1038,,,455.7
P100361,youtube,education,short_video,2026-01-18 13:37:09,51,16,13203,9698,6243,596,79,111,23.954614726074496,0.6079385714357449,322.4
P100362,news_site,gaming,carousel,2025-10-28 11:31:46,126,10,143637,16308,12015,656,55,145,,,2292.5
P100363,youtube,travel,image,2026-01-18 21:27:15,239,20,418132,35558,24791,1122,245,27,,,314.5
P100364,youtube,travel,carousel,2025-10-15 06:22:32,235,12,177623,45242,21606,1381,242,205,,,2609.6
P100365,instagram,food,short_video,2025-12-03 19:40:11,78,17,38554,20122,14824,1051,133,51,20.047553199439438,0.7925323146303469,1420.3
P100366,instagram,fashion,carousel,2025-11-27 18:05:51,127,3,361110,45985,18612,1754,246,39,,,1565.9
P100367,tiktok,sports,text,2025-11-08 20:37:20,46,2,97475,20009,12482,1115,95,235,,,2019.4
P100368,news_site,travel,short_video,2025-10-03 17:16:51,227,19,176530,40686,38320,5193,501,510,22.80168745296265,0.99,2886.7
P100369,news_site,gaming,text,2026-01-03 22:58:49,74,11,2146,1494,533,33,5,4,,,673.0
P100370,x,travel,long_video,2025-11-11 06:38:34,240,11,301078,20240,11785,1096,184,235,152.56761684536485,0.48970292213109257,1961.4
P100371,x,education,image,2025-12-21 09:13:25,253,3,222739,17531,12835,724,130,16,,,998.8
P100372,tiktok,tech,carousel,2025-11-20 10:58:08,207,4,433551,76031,36216,2498,435,196,,,1741.0
P100373,instagram,fashion,long_video,2025-11-15 23:02:15,99,17,167312,47338,26303,2558,379,57,174.20108241981026,0.7791301431692541,1849.0
P100374,instagram,news,short_video,2026-01-18 00:20:43,286,6,102461,45134,26543,2061,398,65,6.045171572000154,0.5237847015086069,335.7
P100375,tiktok,music,carousel,2025-10-12 14:51:56,206,12,83163,30162,16338,1378,125,294,,,2673.1
P100376,tiktok,education,short_video,2025-12-30 14:29:39,194,6,100239,35186,24133,1679,299,117,21.2784101362926,0.3807459562759875,777.5
P100377,instagram,fashion,text,2025-12-31 20:31:21,257,5,225654,34459,22509,969,186,125,,,747.5
P100378,tiktok,music,carousel,2025-11-16 17:44:04,265,3,43765,11134,5842,648,68,21,,,1830.3
P100379,instagram,food,image,2025-11-02 06:47:00,23,19,201304,22492,9750,1003,99,85,,,2177.2
P100380,x,tech,carousel,2025-10-01 15:39:59,265,19,427369,26499,9763,488,53,83,,,2936.3
P100381,news_site,tech,text,2026-01-24 05:28:19,230,2,383876,19970,10685,832,85,103,,,186.5
P100382,x,music,long_video,2026-01-25 13:42:10,62,7,318702,48179,36874,2377,347,103,124.20810792656364,0.4332163962192744,154.3
P100383,youtube,food,text,2025-10-30 15:20:42,92,11,446586,46545,29876,1996,176,145,,,2240.7
P100384,youtube,tech,text,2025-10-04 22:12:05,226,8,390151,58862,30222,3454,654,594,,,2857.8
P100385,tiktok,food,image,2025-10-16 02:22:52,65,15,326353,53463,31430,2853,286,630,,,2589.6
P100386,instagram,travel,carousel,2025-10-09 07:40:54,136,5,431561,61353,32180,3075,262,664,,,2752.3
P100387,youtube,politics,image,2026-01-11 05:26:39,207,1,62380,19673,11442,1629,202,227,,,498.6
P100388,youtube,politics,image,2026-01-18 16:55:20,195,7,409165,46937,26144,1320,136,185,,,319.1
P100389,instagram,education,text,2025-10-19 20:29:42,273,12,147836,20594,12817,527,126,54,,,2499.5
P100390,youtube,news,text,2025-12-31 20:22:28,33,3,366584,26144,14460,674,81,93,,,747.6
P100391,tiktok,sports,image,2025-10-23 01:11:59,88,17,456676,62159,45143,2800,303,398,,,2422.8
P100392,instagram,politics,long_video,2025-11-15 04:00:03,296,0,248113,48106,37333,1587,179,343,38.98052833625895,0.47117581320841895,1868.0
P100393,x,tech,short_video,2025-12-13 17:22:40,171,1,44549,11216,8629,722,85,16,12.386577327742764,0.5613511008602048,1182.6
P100394,youtube,food,image,2025-12-28 13:13:25,74,10,185240,30873,13725,756,121,36,,,826.8
P100395,x,music,text,2026-01-16 13:42:24,87,10,203546,15620,8595,742,144,52,,,370.3
P100396,x,news,text,2025-10-06 12:12:17,102,6,468380,24651,13958,975,124,102,,,2819.8
P100397,news_site,education,short_video,2025-10-25 03:52:30,166,5,471263,37517,31458,1607,279,182,15.841769701079935,0.9832599002160407,2372.1
P100398,news_site,politics,long_video,2025-11-04 12:03:40,85,1,284319,68045,43459,3718,501,85,51.9987391110971,0.48334699025730005,2123.9
P100399,x,politics,carousel,2025-11-08 04:04:31,187,13,475342,64903,29846,2758,541,66,,,2035.9
P100400,news_site,travel,long_video,2026-01-31 18:10:40,134,7,218258,44354,29981,1370,217,106,52.7523701178986,0.41120190085521646,5.8
P100401,youtube,music,short_video,2026-01-04 14:53:55,183,2,205719,121937,111078,9057,971,217,14.212423175686318,0.38633137790468897,657.1
P100402,news_site,fashion,text,2025-11-09 09:52:17,46,8,418285,30227,15552,370,61,8,,,2006.1
P100403,x,sports,image,2026-01-28 12:49:52,187,19,333764,117898,60230,2514,459,58,,,83.2
P100404,x,food,image,2025-12-01 09:57:14,278,5,261284,24377,10277,451,68,73,,,1478.0
P100405,news_site,gaming,text,2025-12-01 14:11:16,40,18,228481,25560,13179,698,166,69,,,1473.8
P100406,youtube,sports,carousel,2025-11-23 08:16:43,98,5,352862,46684,31032,1675,328,39,,,1671.7
P100407,x,gaming,carousel,2025-10-18 16:47:07,208,3,376779,54855,39144,2281,237,317,,,2527.2
P100408,tiktok,food,long_video,2026-01-23 22:16:02,185,5,245396,70372,53085,3161,579,75,148.58479333901545,0.4591132111786552,193.7
P100409,news_site,tech,image,2025-10-02 17:08:23,203,6,15984,5550,2607,170,26,3,,,2910.9
P100410,x,sports,short_video,2025-10-22 10:28:12,168,2,51097,35047,28253,2430,390,322,13.864533192020168,0.798710998165333,2437.5
P100411,x,fashion,carousel,2025-10-29 05:56:40,205,12,72249,14634,9454,717,113,99,,,2274.1
P100412,youtube,gaming,image,2025-11-04 08:29:10,183,7,231151,46345,22379,1543,310,55,,,2127.5
P100413,news_site,education,text,2025-10-17 05:08:20,22,15,307176,16165,11002,295,51,37,,,2562.9
P100414,instagram,tech,image,2025-10-03 05:01:19,226,10,401923,54041,20507,1209,179,50,,,2899.0
P100415,instagram,fashion,image,2025-12-23 08:26:53,134,9,116429,18753,6644,406,31,37,,,951.6
P100416,youtube,sports,long_video,2026-01-28 05:24:09,15,9,393341,45686,32050,2117,299,213,161.7262692134894,0.8552332202610224,90.6
P100417,x,food,text,2025-10-15 23:38:58,123,3,333092,20297,8371,519,103,12,,,2592.4
P100418,news_site,food,image,2025-11-06 11:22:18,130,14,26018,22068,15482,1818,325,95,,,2076.6
P100419,youtube,sports,long_video,2025-12-02 06:41:08,26,2,175741,34729,29568,3216,250,324,57.066854289665386,0.518413104111382,1457.3
P100420,x,fashion,short_video,2026-01-23 01:59:12,299,15,151469,11997,7248,400,87,38,18.926324522578625,0.47144776827727986,214.0
P100421,youtube,tech,text,2025-12-25 09:27:45,66,20,443345,31309,16332,1461,272,34,,,902.5
P100422,news_site,tech,image,2026-01-03 05:47:13,99,16,460614,41193,20923,1715,253,51,,,690.2
P100423,x,news,text,2025-12-11 11:27:21,132,9,409665,35426,16671,684,55,142,,,1236.5
P100424,youtube,music,long_video,2025-11-21 07:05:22,250,6,264097,61262,39612,4389,682,280,35.47078191856384,0.99,1720.9
P100425,news_site,sports,text,2025-10-25 13:44:15,223,18,246520,29036,17781,954,72,64,,,2362.3
P100426,instagram,tech,carousel,2026-01-15 07:27:20,232,5,155880,21904,8863,451,58,80,,,400.5
P100427,news_site,education,text,2026-01-07 21:46:31,71,10,386492,36173,23880,1683,267,39,,,578.2
P100428,instagram,news,long_video,2025-10-04 02:05:56,254,16,43323,6843,6363,547,104,12,87.54562205701413,0.543921367308706,2877.9
P100429,tiktok,fashion,image,2025-12-27 23:52:53,249,19,135714,16698,10729,746,87,18,,,840.1
P100430,news_site,news,text,2025-10-11 09:06:49,139,19,67777,5668,3810,197,40,11,,,2702.9
P100431,x,gaming,long_video,2025-12-30 21:28:50,164,1,247231,23642,17245,1029,211,24,160.58699126255834,0.9134496891311052,770.5
P100432,news_site,music,carousel,2026-01-10 14:12:55,11,18,150018,33712,12969,1172,81,50,,,513.8
P100433,x,tech,short_video,2025-10-17 02:52:56,228,2,98901,32475,28898,2363,255,255,14.982522470738585,0.6672248645485427,2565.1
P100434,x,education,carousel,2025-11-23 08:41:00,289,12,188331,34485,18457,1215,238,187,,,1671.3
P100435,tiktok,travel,short_video,2025-10-16 05:19:16,142,19,430470,71122,66241,5912,1224,982,15.773743027339389,0.9332479569249544,2586.7
P100436,instagram,news,text,2025-12-09 18:37:01,162,13,279093,34591,12429,563,70,20,,,1277.4
P100437,instagram,music,text,2026-01-23 02:09:51,150,19,411569,15381,7098,342,59,27,,,213.8
P100438,tiktok,education,carousel,2025-10-10 22:43:36,24,7,456969,90696,50079,2139,373,285,,,2713.3
P100439,instagram,sports,text,2025-11-18 21:39:02,186,6,451094,44948,31665,2489,473,218,,,1778.3
P100440,youtube,politics,short_video,2026-01-28 16:39:05,217,6,175629,51895,31896,2034,347,47,10.209861795434113,0.4846022483042499,79.3
P100441,x,travel,long_video,2025-11-07 00:24:01,279,7,438762,55293,43375,3176,277,497,170.28821480762704,0.3228546927097551,2063.6
P100442,news_site,food,long_video,2025-10-17 06:18:13,279,14,454706,28151,16821,1325,119,67,123.31978587882158,0.7376582142054152,2561.7
P100443,youtube,food,short_video,2025-11-30 02:17:59,148,9,479806,39008,33768,3657,325,308,17.548832848892584,0.4331072689376265,1509.7
P100444,news_site,politics,short_video,2025-12-02 12:42:56,288,15,175631,18669,12369,564,108,12,8.51841402972875,0.650360179916846,1451.3
P100445,news_site,education,short_video,2025-12-21 12:46:29,159,8,114322,32145,26619,1751,337,39,22.37323047285316,0.8241590654298525,995.2
P100446,news_site,sports,text,2025-11-08 14:09:11,193,6,292220,38719,20405,2561,520,262,,,2025.8
P100447,youtube,news,carousel,2026-01-26 12:59:58,181,3,465925,30925,18683,2820,248,293,,,131.0
P100448,tiktok,food,carousel,2025-12-04 02:03:32,300,11,450329,34764,18194,1841,328,375,,,1413.9
P100449,news_site,tech,carousel,2025-11-05 05:35:21,221,18,285692,23708,10617,844,77,18,,,2106.4
P100450,tiktok,gaming,image,2026-01-27 02:45:33,36,18,74789,15485,9730,498,67,83,,,117.2
P100451,youtube,fashion,carousel,2026-01-22 18:02:03,21,5,211363,20239,11815,1180,129,96,,,222.0
P100452,instagram,fashion,image,2025-12-01 09:32:03,123,10,357117,20777,11588,751,137,17,,,1478.5
P100453,x,education,image,2025-10-04 01:23:06,155,14,280274,18889,10800,808,83,172,,,2878.6
P100454,x,food,long_video,2025-12-13 10:09:18,201,12,172866,25891,20964,1252,197,28,86.00729560148152,0.612325988781842,1189.8
P100455,instagram,fashion,image,2025-12-08 06:56:40,144,1,171432,15825,9846,553,136,76,,,1313.1
P100456,tiktok,food,short_video,2025-10-19 05:30:40,154,12,30062,13094,8020,757,135,54,7.549051555082097,0.5445674527137636,2514.5
P100457,youtube,food,long_video,2025-12-17 23:29:39,277,0,144418,50428,36826,3024,261,471,71.93239907900167,0.7154106552388033,1080.5
P100458,youtube,fashion,long_video,2026-01-12 10:01:20,100,2,334754,31894,22255,1976,424,109,74.51267912820185,0.4483794517891264,470.0
P100459,news_site,sports,short_video,2025-10-14 00:36:32,148,13,120808,23141,15266,841,139,37,24.6310932004129,0.44749021850283177,2639.4
P100460,tiktok,travel,image,2025-12-28 23:14:53,167,2,496697,104032,61490,2972,385,67,,,816.8
P100461,news_site,news,text,2025-10-18 06:16:56,140,7,41397,6015,2924,364,65,38,,,2537.7
P100462,youtube,gaming,text,2026-01-01 02:32:05,291,12,294469,26381,18307,2689,540,65,,,741.5
P100463,news_site,food,long_video,2025-11-21 13:13:31,289,13,248383,51183,47052,3764,502,85,78.39404404117279,0.6174294897685519,1714.8
P100464,tiktok,news,image,2025-10-01 19:13:14,154,9,416685,41320,16264,799,115,18,,,2932.8
P100465,instagram,news,image,2026-01-27 20:18:58,135,1,443903,71839,45116,2048,321,446,,,99.7
P100466,instagram,food,carousel,2025-10-21 09:56:40,177,16,271830,41290,20956,2061,159,96,,,2462.1
P100467,tiktok,education,image,2025-12-13 07:31:02,54,19,315149,33532,25145,2840,602,456,,,1192.5
P100468,news_site,fashion,text,2025-10-23 07:41:38,128,18,349537,32660,14371,465,42,55,,,2416.3
P100469,instagram,sports,carousel,2026-01-23 18:17:03,65,15,260583,40843,18878,1356,176,113,,,197.7
P100470,tiktok,gaming,carousel,2025-12-30 19:32:12,43,8,92607,41730,21985,2028,250,75,,,772.5
P100471,instagram,tech,text,2026-01-07 22:28:23,28,18,214410,18019,8243,738,92,157,,,577.5
P100472,news_site,sports,text,2025-11-23 03:29:59,176,10,120927,16127,10108,429,61,79,,,1676.5
P100473,x,fashion,carousel,2025-11-27 11:42:37,0,2,232307,28337,15369,671,105,15,,,1572.3
P100474,x,tech,carousel,2025-12-18 00:27:24,194,17,307654,45915,20127,1683,219,350,,,1079.5
P100475,x,sports,short_video,2026-01-05 12:37:17,130,6,104796,15136,12089,1456,146,207,24.754138842875278,0.9486328556378769,635.4
P100476,x,sports,long_video,2026-01-13 04:17:00,110,19,124862,31955,26353,1832,353,43,107.97883125469882,0.6181433613295727,451.7
P100477,x,sports,text,2025-10-03 04:39:15,231,7,411503,39183,26133,1863,392,44,,,2899.3
P100478,instagram,politics,text,2025-12-21 14:49:58,162,18,188990,10491,5765,287,43,48,,,993.2
P100479,news_site,gaming,text,2025-10-14 10:11:34,220,11,99351,25212,11734,430,55,70,,,2629.8
P100480,x,travel,image,2025-11-05 09:58:28,213,9,356644,94326,39801,4389,322,195,,,2102.0
P100481,x,music,carousel,2026-01-11 00:28:22,9,6,358368,61772,43324,3494,281,588,,,503.5
P100482,tiktok,fashion,short_video,2025-10-31 19:30:53,64,17,413114,124150,113345,10446,1537,2295,20.209989932968096,0.6760924560214278,2212.5
P100483,news_site,tech,image,2026-01-07 00:12:13,171,1,380040,45369,26263,3055,690,276,,,599.8
P100484,tiktok,gaming,carousel,2025-11-26 22:47:56,293,9,495985,32254,22635,1337,252,120,,,1585.2
P100485,instagram,tech,image,2025-10-29 14:45:19,46,7,287519,16895,6736,428,48,9,,,2265.2
P100486,news_site,food,text,2025-11-11 02:41:19,31,11,143553,18094,11272,626,142,39,,,1965.3
P100487,tiktok,tech,image,2025-12-05 06:49:54,283,5,431490,43667,19069,1041,160,229,,,1385.2
P100488,instagram,fashion,image,2026-01-03 02:42:51,291,13,132554,12353,4919,464,53,54,,,693.3
P100489,x,music,image,2025-12-14 12:57:30,50,8,145666,19860,10650,581,87,121,,,1163.0
P100490,tiktok,travel,image,2026-01-23 18:52:35,120,3,414281,77330,39048,1853,205,349,,,197.1
P100491,news_site,fashion,short_video,2026-01-15 17:33:54,188,4,440832,31094,23324,1628,301,36,24.05656615144089,0.5474915592000528,390.4
P100492,youtube,travel,carousel,2026-01-01 15:53:57,58,14,169802,25686,12319,993,121,58,,,728.1
P100493,instagram,gaming,text,2025-12-14 04:22:19,98,5,364759,80313,54288,4861,926,879,,,1171.6
P100494,news_site,gaming,carousel,2025-11-05 15:39:15,118,6,461213,34407,22348,1622,216,187,,,2096.3
P100495,youtube,food,short_video,2025-11-20 17:54:40,193,13,399415,94524,84700,7528,1686,811,14.38806698595275,0.7350411991460031,1734.1
P100496,tiktok,education,long_video,2025-10-15 14:58:33,92,6,2695,2361,1599,134,24,21,58.76409619600708,0.5784143140925723,2601.0
P100497,x,travel,long_video,2025-11-16 00:35:28,124,8,332356,53898,40069,2680,384,180,27.760428320298942,0.7908087489770166,1847.4
P100498,youtube,food,long_video,2026-01-22 22:56:44,87,5,85111,39686,36925,2240,209,312,92.7755442394065,0.605784647416854,217.1
P100499,instagram,politics,carousel,2025-11-22 09:12:13,228,7,423202,64192,26600,2203,434,51,,,1694.8
P100500,x,education,short_video,2025-10-14 23:43:38,46,14,33706,15139,13698,1014,144,23,11.651921560820286,0.6557148034833256,2616.3
P100501,youtube,tech,text,2025-12-20 04:30:00,69,11,496550,29958,21028,2893,356,535,,,1027.5
P100502,x,gaming,text,2026-01-27 09:38:19,75,20,88828,20180,10892,1310,244,29,,,110.4
P100503,news_site,gaming,long_video,2026-01-15 16:49:55,272,16,210197,20861,12747,1088,89,160,143.5777898344561,0.3424072210052531,391.2
P100504,x,travel,long_video,2025-11-03 17:04:25,284,0,117195,23858,18073,1403,178,248,146.81861274419853,0.43500914720292244,2142.9
P100505,x,politics,text,2025-11-25 19:54:12,150,7,406995,33537,18244,1102,157,25,,,1612.1
P100506,tiktok,food,long_video,2025-12-05 07:33:38,47,6,196870,51475,44751,2362,327,520,33.2602359939621,0.5884789485191299,1384.4
P100507,tiktok,gaming,text,2025-10-31 11:37:20,227,12,372340,50568,23498,1515,216,114,,,2220.4
P100508,youtube,politics,image,2025-11-03 01:10:43,148,5,33795,7264,4744,342,36,23,,,2158.8
P100509,news_site,politics,carousel,2025-10-30 02:37:38,255,20,226544,13011,7832,492,48,98,,,2253.4
P100510,youtube,politics,image,2026-01-31 08:00:13,108,6,455543,77925,51822,4453,327,305,,,16.0
P100511,tiktok,tech,image,2025-12-31 18:14:02,300,10,463489,60004,27024,2699,279,558,,,749.8
P100512,x,education,short_video,2026-01-12 10:12:28,242,2,104505,37164,28011,1771,354,40,17.482736136232433,0.48226183197415595,469.8
P100513,news_site,education,carousel,2026-01-09 10:30:38,67,19,197334,24128,9929,405,71,75,,,541.5
P100514,news_site,food,short_video,2026-01-26 23:23:28,218,19,204675,16158,12138,1458,231,258,18.478278801895353,0.6201184774801412,120.6
P100515,tiktok,politics,short_video,2025-10-13 22:46:51,86,16,282819,76970,68687,7681,1033,1025,25.472675324960466,0.5060789638530336,2641.2
P100516,x,education,long_video,2026-01-17 10:34:43,105,7,268761,30168,25151,1609,267,36,129.3406414900457,0.5195443400335823,349.4
P100517,youtube,news,text,2025-10-09 04:28:54,75,1,53149,13102,5570,314,32,67,,,2755.5
P100518,youtube,news,text,2025-11-28 11:26:33,205,14,381380,24494,16983,1104,117,36,,,1548.6
P100519,tiktok,food,carousel,2025-12-13 02:46:04,79,9,113042,54650,20294,1483,270,194,,,1197.2
P100520,instagram,food,carousel,2025-11-14 00:24:20,192,20,157607,15817,9302,815,119,82,,,1895.6
P100521,tiktok,education,long_video,2025-10-18 23:30:12,175,14,420379,52072,36617,5163,1004,422,83.16121444612784,0.5364792103555893,2520.5
P100522,youtube,news,image,2025-10-24 15:40:24,225,11,344888,39721,22347,1452,328,178,,,2384.3
P100523,news_site,tech,short_video,2026-01-10 10:24:30,299,20,198397,18772,12241,1153,205,25,10.446903622275313,0.8257536059310181,517.6
P100524,news_site,food,short_video,2025-11-09 04:52:22,2,16,456254,58374,32835,1277,131,190,13.627799147361591,0.99,2011.1
P100525,instagram,politics,image,2025-11-08 04:06:28,298,9,197163,48995,32495,1892,159,190,,,2035.9
P100526,x,fashion,long_video,2026-01-22 13:45:50,32,0,282834,29790,21569,2632,256,307,103.34973902340174,0.5451688314184348,226.2
P100527,instagram,tech,carousel,2025-10-18 16:42:35,158,1,123141,32016,20057,1802,342,79,,,2527.3
P100528,x,music,image,2026-01-21 13:52:03,102,9,91760,4451,1963,52,10,1,,,250.1
P100529,tiktok,fashion,long_video,2026-01-22 06:42:16,192,11,245906,43862,33560,3514,681,79,107.82372924480285,0.5946268649317069,233.3
P100530,youtube,food,image,2025-12-13 14:56:52,217,0,281597,35366,15744,2397,271,165,,,1185.1
P100531,x,education,long_video,2025-10-21 08:38:58,258,2,402947,30740,22735,948,186,27,85.47805941494425,0.14810229405724779,2463.4
P100532,youtube,news,image,2025-10-20 04:06:04,120,14,195573,43331,19114,2638,392,124,,,2491.9
P100533,news_site,fashion,short_video,2025-11-05 00:29:36,280,15,447603,42038,23227,774,148,18,16.79292102802694,0.5871750273254978,2111.5
P100534,youtube,sports,text,2025-12-11 00:31:50,97,0,303770,35657,24727,2348,370,224,,,1247.5
P100535,news_site,tech,carousel,2025-10-19 21:28:00,61,10,35243,8669,3877,246,22,26,,,2498.5
P100536,x,news,long_video,2025-11-26 01:06:07,114,1,369602,17106,12494,486,42,79,29.905778010805456,0.394145453903449,1606.9
P100537,tiktok,music,long_video,2025-10-15 04:55:35,159,15,287495,29829,18880,1900,388,44,167.42364802508342,0.5735422028636858,2611.1
P100538,x,news,text,2025-12-06 10:55:06,201,17,194798,23694,9797,1100,136,24,,,1357.1
P100539,youtube,sports,image,2025-10-03 14:25:44,250,18,233743,12027,4975,415,47,9,,,2889.6
P100540,youtube,food,long_video,2025-12-27 05:04:28,67,12,151035,22418,20042,2035,241,69,107.5363854588341,0.7343910742675396,858.9
P100541,instagram,travel,text,2025-10-07 19:31:38,91,13,307218,25225,11288,628,80,50,,,2788.5
P100542,instagram,education,long_video,2025-10-24 23:06:50,282,19,283562,75684,60964,2967,601,69,123.9970091149003,0.7860514831096518,2376.9
P100543,youtube,tech,image,2025-10-22 11:32:29,132,12,223748,51361,18166,1580,141,336,,,2436.5
P100544,instagram,fashion,text,2026-01-11 05:05:39,72,9,142741,14657,7302,1059,97,157,,,498.9
P100545,news_site,sports,image,2025-10-07 13:35:00,296,15,199442,39565,18884,1774,358,182,,,2794.4
P100546,news_site,gaming,short_video,2025-11-22 19:10:27,135,12,249019,31625,24180,869,151,185,13.477891230817256,0.7920527448703771,1684.8
P100547,x,education,short_video,2025-12-12 17:03:22,296,17,236045,46724,34287,1961,165,67,14.264660158511475,0.741097298269992,1206.9
P100548,x,travel,short_video,2025-12-03 11:13:07,276,11,154784,14351,13415,879,64,60,18.47922246110071,0.7356053870158936,1428.8
P100549,youtube,travel,short_video,2025-12-23 17:28:08,272,18,291083,78720,65553,3711,396,459,22.033496076317647,0.8974538068551383,942.5
P100550,instagram,fashion,image,2026-01-07 18:45:17,175,0,113428,17345,8270,536,63,100,,,581.2
P100551,tiktok,fashion,short_video,2025-11-18 09:59:49,240,0,250591,33920,22659,2417,176,267,23.00109462245893,0.8603145503541294,1790.0
P100552,youtube,travel,text,2026-01-10 20:53:56,289,2,60950,11791,6873,260,28,37,,,507.1
P100553,news_site,news,short_video,2025-11-09 02:42:34,81,11,236177,38364,29626,2842,488,65,24.491851066372977,0.4254420050421751,2013.3
P100554,tiktok,food,carousel,2026-01-30 02:00:56,11,14,392033,40474,21696,2141,387,47,,,46.0
P100555,youtube,sports,text,2025-12-02 01:21:40,96,4,408954,59587,25820,1258,269,79,,,1462.6
P100556,tiktok,sports,image,2025-12-30 12:42:40,191,3,347407,39899,26922,1654,231,279,,,779.3
P100557,instagram,tech,short_video,2026-01-16 15:00:51,164,18,372874,73775,67100,3870,495,672,10.256261004028035,0.6382363748698386,369.0
P100558,instagram,travel,short_video,2026-01-06 11:54:22,24,15,33161,14546,12223,876,214,98,14.958948759627779,0.812933491157877,612.1
P100559,tiktok,fashion,short_video,2026-01-13 16:32:25,168,13,170820,38891,23372,2070,398,148,10.054067218396247,0.6093000863081199,439.5
P100560,instagram,travel,text,2025-12-05 23:47:16,52,10,327194,26483,12561,768,132,161,,,1368.2
P100561,instagram,politics,short_video,2025-10-06 08:20:18,152,8,400328,61272,45570,4059,496,877,25.61806136254105,0.7116676987264831,2823.7
P100562,tiktok,sports,text,2025-11-30 15:34:56,173,0,291507,50322,23796,1644,210,283,,,1496.4
P100563,tiktok,education,image,2025-10-23 07:46:59,191,3,426854,141942,68575,3934,640,679,,,2416.2
P100564,youtube,education,long_video,2026-01-18 08:40:18,124,18,136677,42055,24882,2204,323,59,26.37642995629957,0.7053972991718155,327.3
P100565,instagram,education,short_video,2025-10-30 02:52:14,122,7,76915,34032,20541,2405,200,520,13.412432404208698,0.6147281943564853,2253.1
P100566,tiktok,fashion,carousel,2025-10-29 01:15:43,204,14,43372,52885,37959,2834,566,64,,,2278.7
P100567,youtube,travel,carousel,2025-10-31 16:11:31,225,14,291424,53573,20960,1600,271,234,,,2215.8
P100568,news_site,education,long_video,2025-12-19 00:51:19,243,6,332659,51341,29896,1556,275,273,132.8811597425531,0.9070207114108993,1055.1
P100569,x,education,long_video,2025-12-10 06:16:43,100,4,142798,34279,28776,1503,177,333,29.996360865594085,0.5402566867868194,1265.7
P100570,news_site,music,long_video,2026-01-25 16:58:40,127,14,391871,29043,22391,1854,331,43,94.55491686758072,0.5350364696092372,151.0
P100571,tiktok,food,image,2025-11-21 04:48:23,99,1,369638,42599,20965,1137,220,126,,,1723.2
P100572,youtube,education,short_video,2025-11-04 17:17:06,158,10,180194,32792,21706,2077,182,299,19.355944746895663,0.6123764711317193,2118.7
P100573,youtube,food,text,2025-10-07 01:23:53,38,18,119544,22641,9949,578,102,100,,,2806.6
P100574,news_site,politics,image,2025-10-01 20:53:17,129,14,371210,30268,12633,642,99,14,,,2931.1
P100575,news_site,food,short_video,2025-11-15 22:54:31,56,16,335767,46206,41763,2234,482,292,7.258414117987616,0.6394791682934958,1849.1
P100576,news_site,gaming,short_video,2026-01-22 21:00:45,160,1,85558,41028,25437,1453,155,221,23.038695405836577,0.792050043154559,219.0
P100577,x,sports,text,2025-12-04 10:07:06,256,4,127711,23043,13736,460,87,10,,,1405.9
P100578,youtube,tech,carousel,2026-01-18 21:45:08,296,5,243086,39104,17099,1411,213,222,,,314.2
P100579,youtube,sports,short_video,2025-10-13 12:08:07,134,6,255669,41769,36443,3112,290,648,22.23934644176967,0.7971744779859611,2651.9
P100580,news_site,tech,long_video,2025-10-12 11:29:00,16,4,83146,33329,19742,1985,166,141,72.01148060741639,0.9025960752993052,2676.5
P100581,tiktok,politics,image,2026-01-11 12:22:09,68,20,474333,68479,28532,1561,169,298,,,491.6
P100582,tiktok,tech,text,2025-10-14 03:06:08,31,3,194446,15121,5558,739,96,164,,,2636.9
P100583,news_site,tech,text,2025-10-07 09:23:29,228,14,190777,17402,9151,420,63,43,,,2798.6
P100584,tiktok,tech,long_video,2025-11-19 16:52:53,296,12,30454,13136,8223,509,105,90,137.03863694518625,0.7604995740780998,1759.1
P100585,tiktok,politics,long_video,2026-01-22 18:07:58,166,12,437894,86177,49522,3312,308,126,106.22137866591119,0.9025991708086051,221.9
P100586,youtube,fashion,long_video,2025-12-24 19:03:34,53,4,117724,44691,32603,1576,337,37,142.94423559053905,0.850632264110547,916.9
P100587,tiktok,politics,long_video,2025-10-13 04:34:55,6,6,493474,76429,48226,7161,689,830,153.18224160108713,0.9701850420556217,2659.4
P100588,news_site,sports,text,2026-01-11 23:12:38,293,12,248109,28507,12656,1320,230,195,,,480.8
P100589,news_site,news,short_video,2026-01-12 18:13:58,95,6,437450,54393,37677,3241,656,76,19.111102247777318,0.661185906548953,461.8
P100590,tiktok,fashion,short_video,2026-01-07 11:39:21,33,14,89725,19040,13894,1034,196,24,10.61721322569052,0.37070303816136563,588.3
P100591,youtube,sports,long_video,2026-01-20 00:37:54,53,0,83099,22320,13289,1748,329,314,167.23011305801418,0.6754573762125344,287.4
P100592,news_site,politics,image,2025-10-30 12:07:11,76,1,400596,39292,16848,829,137,18,,,2243.9
P100593,x,politics,text,2026-01-29 11:41:32,197,15,409865,26136,12193,656,60,79,,,60.3
P100594,tiktok,tech,long_video,2025-11-09 10:41:43,268,12,271638,20753,17051,2647,187,233,96.6772564579217,0.629812373535738,2005.3
P100595,youtube,travel,long_video,2026-01-07 15:34:48,82,0,16268,7715,4463,415,60,65,69.77220264829387,0.7049120459930243,584.4
P100596,x,politics,carousel,2025-12-11 06:17:02,206,18,471872,37935,22395,3074,293,663,,,1241.7
P100597,x,travel,carousel,2026-01-04 21:01:02,19,0,196772,24691,12962,1010,122,60,,,651.0
P100598,instagram,news,short_video,2025-12-17 05:19:21,3,20,468005,44753,27867,2280,229,132,19.36843832662701,0.1298322236824896,1098.7
P100599,tiktok,gaming,long_video,2025-12-19 00:36:37,16,15,435392,84219,46795,3292,708,169,31.883085562311603,0.654198843528412,1055.4
P100600,news_site,fashion,long_video,2025-12-15 19:16:13,277,20,425774,24711,16897,509,116,77,42.1946355294747,0.8364481602474612,1132.7
P100601,tiktok,music,long_video,2026-01-04 19:35:49,175,19,344438,25719,15718,1287,234,29,46.593100784437226,0.9566087315221186,652.4
P100602,tiktok,music,text,2025-12-30 21:39:16,242,6,336690,33971,20519,2178,419,279,,,770.3
P100603,tiktok,fashion,text,2025-10-17 13:11:53,6,15,266463,41365,24558,2014,202,362,,,2554.8
P100604,instagram,sports,long_video,2026-01-10 14:30:49,6,4,12584,13944,11034,893,70,108,72.67646773539913,0.6504084792365736,513.5
P100605,instagram,food,carousel,2025-12-05 22:28:21,255,9,194054,40494,19390,963,180,161,,,1369.5
P100606,tiktok,gaming,short_video,2025-11-09 17:44:31,30,5,365324,40923,31620,2934,548,520,9.093688993171511,0.7152948157809953,1998.3
P100607,news_site,travel,short_video,2025-12-03 05:59:08,46,10,406186,49671,32401,3044,438,672,7.46223680018343,0.6194250290796083,1434.0
P100608,instagram,politics,long_video,2026-01-27 22:32:05,156,18,279871,39846,37474,3623,477,81,178.801838944211,0.4791756557568751,97.5
P100609,tiktok,gaming,text,2026-01-14 11:33:09,182,9,354837,49207,33985,2387,365,323,,,420.4
P100610,instagram,tech,carousel,2026-01-11 13:04:39,68,1,11067,7670,2827,181,19,15,,,490.9
P100611,youtube,food,short_video,2025-11-26 22:11:00,133,6,234308,33720,28972,3614,393,80,8.767808572993363,0.715107877075744,1585.8
P100612,tiktok,tech,image,2026-01-05 10:46:28,203,16,253960,39119,23315,918,120,53,,,637.2
P100613,x,gaming,long_video,2025-11-17 08:47:02,133,10,446263,65301,40405,3463,562,225,146.93783332357125,0.5551484989835425,1815.2
P100614,youtube,gaming,short_video,2025-12-24 09:33:37,115,11,155663,61907,43565,6327,1358,155,19.75630855592576,0.5179969237692877,926.4
P100615,x,fashion,short_video,2025-12-18 15:59:26,21,9,115128,15686,14074,719,113,79,10.009883048723118,0.7109101423159327,1064.0
P100616,x,sports,short_video,2025-10-31 17:24:20,136,6,176318,28380,21705,1588,283,46,21.336963858159116,0.7604806725098125,2214.6
P100617,youtube,education,carousel,2025-11-02 18:35:58,241,12,85361,5673,3717,277,48,6,,,2165.4
P100618,news_site,politics,short_video,2025-10-08 12:27:54,188,13,279300,28891,24939,1486,126,111,21.189771939370548,0.3882167594403888,2771.5
P100619,youtube,gaming,long_video,2025-10-18 04:35:46,268,18,321473,39448,34764,4057,705,332,154.40014980225214,0.7918117920117826,2539.4
P100620,news_site,education,carousel,2025-11-23 08:02:31,37,12,400599,25473,12138,865,130,113,,,1672.0
P100621,news_site,gaming,image,2025-11-28 18:41:36,3,20,486002,45669,23254,1512,221,34,,,1541.3
P100622,youtube,music,carousel,2025-10-21 07:26:10,164,17,36987,11503,5157,507,44,109,,,2464.6
P100623,x,sports,image,2025-11-21 06:39:26,53,1,123778,7032,5271,335,64,7,,,1721.3
P100624,tiktok,sports,carousel,2025-12-14 07:31:54,178,8,150496,36369,16070,2215,504,172,,,1168.5
P100625,news_site,tech,long_video,2025-10-29 14:32:47,272,8,124985,15525,8668,624,44,66,118.48518490262323,0.7475857127579817,2265.5
P100626,x,travel,image,2025-11-11 14:28:30,101,0,413675,51618,21352,1537,151,87,,,1953.5
P100627,news_site,education,long_video,2025-11-15 04:53:41,165,3,69921,9539,8300,288,29,40,117.4069158526062,0.19980878067912128,1867.1
P100628,tiktok,politics,carousel,2025-12-02 02:55:08,205,16,15063,6402,2818,172,35,20,,,1461.1
P100629,x,education,text,2025-11-15 01:35:25,45,7,430309,28177,14615,1598,241,36,,,1870.4
P100630,youtube,tech,long_video,2025-12-30 15:27:37,270,3,480766,83714,52296,2840,293,478,58.51693639194516,0.5592883385884477,776.5
P100631,instagram,music,carousel,2025-11-10 06:46:00,61,6,113353,24996,9951,455,92,37,,,1985.2
P100632,instagram,education,short_video,2025-11-23 08:51:47,243,5,166561,30631,27215,2369,298,250,25.49558856115305,0.6129162691441653,1671.1
P100633,youtube,gaming,image,2025-11-16 16:10:40,198,3,251688,22209,10213,1278,184,138,,,1831.8
P100634,tiktok,news,image,2025-10-23 11:58:02,42,2,263069,19143,10906,805,101,48,,,2412.0
P100635,instagram,food,text,2025-12-24 08:18:50,218,16,495438,27580,15717,807,132,144,,,927.7
P100636,youtube,politics,text,2025-10-29 23:02:13,59,17,202195,22739,13440,456,67,48,,,2257.0
P100637,x,politics,image,2025-11-06 12:22:45,180,10,6268,1964,731,60,6,1,,,2075.6
P100638,tiktok,sports,carousel,2026-01-06 12:12:12,288,12,211493,46934,19592,1737,265,382,,,611.8
P100639,news_site,travel,image,2026-01-25 17:01:42,286,19,278331,23199,9615,267,56,9,,,151.0
P100640,x,politics,carousel,2025-12-22 12:19:43,262,17,258541,15902,7487,865,124,42,,,971.7
P100641,youtube,tech,carousel,2026-01-21 17:03:32,148,0,256242,42836,17476,1810,349,41,,,246.9
P100642,news_site,sports,carousel,2026-01-14 01:34:13,168,20,461323,48445,34821,3663,558,208,,,430.4
P100643,youtube,gaming,short_video,2025-11-29 03:38:50,90,1,403762,97342,73467,8007,1403,184,16.083626467313707,0.3140942215784401,1532.4
P100644,instagram,food,image,2026-01-03 17:53:46,277,0,126003,47678,28580,2366,296,450,,,678.1
P100645,instagram,travel,text,2025-11-10 09:19:19,143,8,177769,16980,8371,649,128,51,,,1982.7
P100646,news_site,news,long_video,2025-11-26 15:23:13,232,15,333857,32359,28063,2839,292,63,66.27651824730444,0.8479175800570227,1592.6
P100647,news_site,gaming,long_video,2025-12-05 20:36:12,108,1,205288,46130,39338,1539,109,101,152.09539117353825,0.5201996644687916,1371.4
P100648,x,gaming,image,2026-01-27 03:22:30,222,6,214315,28111,13148,527,50,64,,,116.6
P100649,instagram,sports,long_video,2026-01-13 08:57:01,67,5,84135,17528,12995,812,63,132,90.79717305712143,0.750965643339863,447.0
P100650,tiktok,news,text,2025-11-30 04:16:28,220,8,127333,9217,4895,305,66,9,,,1507.7
P100651,instagram,news,image,2025-12-20 06:26:15,13,20,370459,24954,13782,979,241,119,,,1025.6
P100652,instagram,politics,long_video,2025-10-25 21:21:22,31,6,421496,31989,20302,1833,315,41,45.384658647122066,0.5898636571722307,2354.6
P100653,tiktok,news,carousel,2026-01-07 22:33:52,106,4,392397,24820,10904,1404,118,96,,,577.4
P100654,youtube,politics,long_video,2025-12-08 00:34:04,145,2,154055,23517,16742,2006,419,75,59.49096595354418,0.624281238698094,1319.4
P100655,instagram,tech,short_video,2025-12-05 12:35:45,214,4,68504,14090,12578,893,173,93,14.301216032322898,0.8260172250754211,1379.4
P100656,news_site,food,text,2026-01-03 06:04:07,108,2,80015,16371,8022,469,59,71,,,689.9
P100657,youtube,tech,image,2025-12-17 20:22:21,5,12,196849,41925,26703,1262,204,233,,,1083.6
P100658,tiktok,music,carousel,2025-10-09 21:55:22,97,8,258974,30864,12956,1036,170,24,,,2738.1
P100659,youtube,education,carousel,2025-11-05 10:38:07,132,10,446473,51432,29961,2465,189,351,,,2101.4
P100660,x,music,carousel,2025-10-22 17:40:27,163,17,449434,17774,9183,302,47,46,,,2430.3
P100661,tiktok,education,carousel,2025-12-30 09:24:15,193,12,1553,1387,514,77,13,1,,,782.6
P100662,instagram,music,carousel,2025-10-05 07:45:15,74,3,353838,58902,42600,4477,412,105,,,2848.2
P100663,instagram,news,image,2025-10-25 21:29:53,183,7,149519,30896,15925,791,120,154,,,2354.5
P100664,news_site,gaming,long_video,2025-12-13 11:39:27,190,6,99061,16954,15495,2238,345,205,138.194991537352,0.7316632457365092,1188.3
P100665,instagram,music,short_video,2025-12-25 11:02:37,233,17,277610,68556,43640,3601,660,190,8.38866173584612,0.99,901.0
P100666,x,tech,text,2025-12-01 21:45:21,157,6,17149,2484,1801,109,25,10,,,1466.2
P100667,tiktok,food,long_video,2026-01-14 20:50:32,243,2,167180,20993,16624,1183,234,32,94.6094361359841,0.6916637018614982,411.2
P100668,x,gaming,image,2026-01-22 00:42:39,66,15,276201,42302,21781,3171,514,139,,,239.3
P100669,instagram,education,image,2025-10-17 05:58:03,214,8,136168,45694,29863,1770,307,287,,,2562.0
P100670,news_site,fashion,short_video,2026-01-26 03:48:44,13,2,296777,56632,32845,2135,378,342,23.89410598960703,0.6089165223109108,140.2
P100671,x,fashion,short_video,2025-12-15 13:38:55,30,14,230126,32084,25217,3342,479,76,12.323229616041397,0.9293920782999281,1138.4
P100672,youtube,politics,carousel,2025-12-18 06:07:07,260,4,399743,19204,14363,1251,108,252,,,1073.9
P100673,tiktok,sports,long_video,2025-10-12 16:43:21,142,18,90925,9438,6712,556,96,15,98.55146719439476,0.8732827746290572,2671.3
P100674,news_site,gaming,short_video,2025-12-16 11:45:56,186,17,28740,11351,8263,957,167,24,10.094438850820865,0.7267651154979148,1116.2
P100675,tiktok,sports,long_video,2025-12-29 06:18:44,181,7,264906,44326,34828,5392,752,123,156.07286208954136,0.6141570075643434,809.7
P100676,youtube,politics,image,2025-12-11 10:29:42,209,11,128596,13344,9090,694,133,16,,,1237.5
P100677,tiktok,music,text,2025-10-11 09:25:26,73,11,353406,41791,29033,2178,351,50,,,2702.6
P100678,tiktok,fashion,carousel,2025-12-04 08:34:02,53,13,46824,14944,8597,725,90,55,,,1407.4
P100679,youtube,tech,short_video,2026-01-24 02:53:38,12,1,287732,95579,79860,11144,867,1902,14.57195067111274,0.5827632068430096,189.1
P100680,instagram,food,short_video,2025-12-28 23:31:31,260,6,494919,69926,66354,4632,393,832,6.730843981591329,0.4937140686401016,816.5
P100681,instagram,fashion,text,2025-10-17 21:37:41,67,3,46736,17419,10378,578,75,80,,,2546.4
P100682,tiktok,fashion,carousel,2026-01-27 01:44:17,173,14,151049,29340,19957,1008,146,113,,,118.3
P100683,instagram,food,carousel,2026-01-26 22:36:51,136,1,422235,49660,26331,1275,137,274,,,121.4
P100684,youtube,tech,carousel,2025-10-21 20:03:19,48,10,266875,73595,30607,1930,200,293,,,2451.9
P100685,news_site,travel,carousel,2026-01-07 12:12:35,124,15,87653,10435,4855,275,30,42,,,587.8
P100686,instagram,education,image,2025-11-20 00:37:43,25,19,106722,57787,32014,4185,885,692,,,1751.4
P100687,instagram,travel,image,2025-12-13 00:32:56,53,6,382453,53190,36418,2888,572,292,,,1199.5
P100688,instagram,education,carousel,2025-11-24 18:11:23,42,0,430475,61668,25820,1514,187,68,,,1637.8
P100689,youtube,sports,short_video,2026-01-05 06:18:22,248,15,180410,48363,42038,2912,285,336,15.513042135030398,0.603467346459486,641.7
P100690,tiktok,fashion,carousel,2026-01-31 14:08:22,170,0,237021,102119,66515,9502,805,676,,,9.9
P100691,youtube,fashion,carousel,2026-01-06 19:10:43,278,1,391424,75404,54624,6329,545,865,,,604.8
P100692,instagram,politics,long_video,2026-01-23 13:24:29,131,20,88628,8451,4658,397,48,9,90.07207343227815,0.8619334923812381,202.6
P100693,tiktok,food,carousel,2026-01-25 08:40:17,60,18,103295,41132,29638,2102,159,173,,,159.3
P100694,youtube,food,text,2025-10-12 01:59:28,183,14,387261,32087,18950,1835,248,398,,,2686.0
P100695,youtube,travel,long_video,2025-11-01 03:59:15,279,17,93493,22238,19239,1111,217,24,132.79342555760087,0.7658586830183338,2204.0
P100696,youtube,gaming,image,2025-12-28 18:55:13,160,1,385451,33085,12291,885,148,191,,,821.1
P100697,x,sports,carousel,2025-12-12 13:54:13,5,1,248613,40592,22425,3319,636,80,,,1210.1
P100698,youtube,politics,image,2025-10-07 04:01:53,91,6,495019,41330,24759,1884,164,135,,,2804.0
P100699,news_site,travel,carousel,2025-10-12 16:35:06,278,0,16661,6410,3030,127,15,21,,,2671.4
P100700,youtube,politics,carousel,2025-12-04 00:39:20,156,18,472988,45217,23633,1995,418,48,,,1415.3
P100701,tiktok,gaming,image,2025-12-15 18:55:15,286,1,112803,62262,35596,2141,289,296,,,1133.1
P100702,tiktok,news,image,2025-10-21 15:06:26,153,11,17733,15930,9096,376,70,67,,,2456.9
P100703,tiktok,travel,short_video,2025-10-22 01:39:06,3,17,362061,61497,47376,4759,1168,668,13.095872144787645,0.635661953742635,2446.3
P100704,youtube,education,long_video,2025-10-16 21:48:44,262,15,266357,41456,23776,2576,440,478,32.72574932535392,0.4005561647874305,2570.2
P100705,tiktok,music,carousel,2025-12-09 11:44:02,229,4,418724,53071,23114,1563,204,339,,,1284.3
P100706,news_site,fashion,text,2025-10-01 23:11:02,215,9,54355,14839,10635,490,73,27,,,2928.8
P100707,youtube,gaming,carousel,2025-12-10 09:48:52,292,11,40576,11633,8616,499,40,72,,,1262.2
P100708,news_site,fashion,text,2025-11-28 12:56:28,59,16,283711,19460,9143,453,41,70,,,1547.1
P100709,x,news,carousel,2025-11-27 07:35:16,272,8,441062,56217,23615,1352,97,151,,,1576.4
P100710,tiktok,politics,short_video,2025-12-23 13:13:24,70,5,203000,36708,21182,1346,309,206,24.07840296396432,0.5309967396849149,946.8
P100711,tiktok,music,long_video,2025-12-04 06:48:31,292,16,398799,53598,39642,5485,1002,647,79.26936853544376,0.7944264582836578,1409.2
P100712,x,news,image,2025-12-29 12:18:50,57,18,453123,15371,10757,872,97,44,,,803.7
P100713,tiktok,music,text,2026-01-02 23:06:05,165,10,434868,64173,35296,3344,327,112,,,696.9
P100714,tiktok,politics,carousel,2026-01-22 04:11:14,237,0,254432,99250,36937,3923,697,290,,,235.8
P100715,news_site,music,short_video,2026-01-07 07:22:12,23,10,349274,68222,38203,3310,767,428,21.92234201096747,0.6585036217090393,592.6
P100716,youtube,music,long_video,2025-12-03 16:16:06,20,18,262927,80828,60985,4524,502,211,96.54143707719608,0.28135295317070097,1423.7
P100717,instagram,sports,long_video,2025-11-30 12:50:10,255,20,337141,28212,24675,2293,257,57,41.66921163561562,0.7823069146380242,1499.2
P100718,youtube,travel,image,2025-10-29 23:48:42,18,8,283630,45305,27119,1573,321,85,,,2256.2
P100719,youtube,food,text,2025-12-13 17:59:58,184,3,262641,21816,12548,899,196,81,,,1182.0
P100720,news_site,music,long_video,2025-10-18 02:43:40,282,12,218516,27055,21033,1406,327,197,75.43215981037864,0.6194237292743641,2541.3
P100721,x,music,text,2026-01-23 13:00:32,185,17,326463,35411,25559,1370,157,130,,,203.0
P100722,instagram,fashion,short_video,2026-01-12 22:34:13,144,19,375599,53350,44925,3038,255,143,15.69233878189032,0.5730317677888426,457.4
P100723,instagram,tech,long_video,2025-10-15 17:27:12,125,1,459571,35324,32846,2936,393,157,114.63781004739438,0.8934350618119187,2598.5
P100724,x,food,short_video,2026-01-05 16:08:29,192,6,306691,24280,20794,1446,177,237,17.07313484596113,0.7501831247946102,631.9
P100725,instagram,travel,text,2025-10-15 09:41:22,172,10,50440,5503,2990,107,21,2,,,2606.3
P100726,tiktok,fashion,text,2025-12-28 17:03:23,151,2,293821,46903,33194,2902,214,219,,,822.9
P100727,instagram,gaming,text,2025-10-11 18:55:01,46,18,158019,51234,23605,2386,403,172,,,2693.1
P100728,instagram,music,short_video,2025-11-30 01:08:48,199,2,13601,14772,9205,1360,264,31,12.68651724488255,0.4754482740298679,1510.9
P100729,news_site,gaming,long_video,2025-12-20 22:00:44,222,13,36412,4774,2756,150,33,6,71.9830347764885,0.932757637937677,1010.0
P100730,instagram,music,carousel,2025-12-29 15:26:57,213,19,295732,67858,36614,2311,407,234,,,800.6
P100731,instagram,travel,short_video,2025-11-21 11:43:53,22,14,472413,95464,54489,3499,738,84,16.97505755450542,0.7122781758254795,1716.3
P100732,news_site,politics,long_video,2026-01-22 08:37:55,211,16,252884,14871,13488,907,77,143,28.83908981796802,0.8057623575822958,231.4
P100733,instagram,travel,image,2026-01-04 05:47:47,219,5,222743,27668,9725,770,88,17,,,666.2
P100734,news_site,news,long_video,2025-10-26 14:47:51,55,17,44512,15850,14754,672,50,104,164.90425697231453,0.584899565211732,2337.2
P100735,instagram,news,image,2025-12-22 13:28:29,255,8,337737,42195,24718,1508,339,62,,,970.5
P100736,instagram,sports,short_video,2025-12-29 20:32:16,157,1,27924,7071,5264,296,63,15,20.46321188109701,0.7864118482965352,795.5
P100737,instagram,travel,short_video,2025-11-11 00:53:54,142,7,420591,86928,73600,8745,676,1260,22.728090658748023,0.40044979914202206,1967.1
P100738,x,music,short_video,2025-12-30 19:15:31,217,7,408239,20361,13176,845,67,166,14.182806635387474,0.5671300328237827,772.7
P100739,x,music,short_video,2026-01-19 11:58:40,153,10,495501,54128,41502,3499,428,188,14.45934550924455,0.1634542090637936,300.0
P100740,youtube,sports,short_video,2026-01-09 12:07:16,163,5,142284,66321,53971,3072,354,469,15.933842689103063,0.6943387112310956,539.9
P100741,tiktok,fashion,short_video,2026-01-02 18:59:40,93,9,81058,26742,25178,1906,390,118,17.32706756762607,0.28100088777917176,701.0
P100742,instagram,news,short_video,2025-12-18 01:02:10,279,8,149907,21651,18357,1500,143,161,8.166453484757833,0.8234860117017628,1079.0
P100743,youtube,food,short_video,2025-11-03 06:37:08,291,6,399796,96317,57526,4279,906,668,12.252707083895482,0.8328904749291336,2153.4
P100744,tiktok,news,long_video,2026-01-06 19:29:52,39,14,109567,36011,26653,2647,399,112,141.813158524521,0.5346139734068303,604.5
P100745,youtube,politics,short_video,2025-11-14 19:05:41,220,6,443733,125059,98235,14138,1835,1461,13.717055246882632,0.7138296674817359,1876.9
P100746,x,fashion,long_video,2025-12-05 11:02:41,7,16,77262,20689,12592,1191,115,179,140.63753697894327,0.5809222296691084,1381.0
P100747,news_site,food,text,2025-11-08 16:13:36,111,5,24627,9746,4705,418,88,9,,,2023.8
P100748,youtube,politics,text,2025-11-08 12:01:34,291,18,109834,19719,12553,1650,258,38,,,2028.0
P100749,instagram,news,image,2025-10-20 09:16:10,52,7,377094,42459,25487,2321,300,53,,,2486.7
P100750,tiktok,news,long_video,2026-01-27 05:45:01,113,0,301219,52471,39606,3075,408,421,96.9302346347958,0.32458665855960506,114.2
P100751,news_site,food,carousel,2025-10-19 04:15:23,66,3,177491,24721,9116,850,184,57,,,2515.7
P100752,youtube,food,image,2025-10-11 14:38:09,219,16,328087,22199,9318,1014,189,23,,,2697.4
P100753,x,sports,long_video,2026-01-24 03:26:52,139,18,324368,23776,14691,1374,262,33,65.06648845472174,0.5819762096699697,188.6
P100754,youtube,fashion,image,2025-12-08 06:23:55,178,4,277449,36640,15640,663,106,25,,,1313.6
P100755,instagram,fashion,text,2025-11-23 20:41:33,283,12,257121,26645,9371,442,89,10,,,1659.3
P100756,news_site,sports,long_video,2025-12-30 17:04:27,156,12,50926,25348,23029,1347,150,70,112.63624034035632,0.9594244998414061,774.9
P100757,x,politics,text,2025-11-17 03:33:36,220,2,130019,14445,8108,650,124,87,,,1820.4
P100758,news_site,tech,long_video,2025-10-16 17:37:28,29,9,263943,61087,46353,2970,393,258,70.5092561109433,0.6619187201329205,2574.4
P100759,news_site,politics,text,2025-12-29 18:01:55,64,14,67783,15426,7774,703,124,112,,,798.0
P100760,tiktok,tech,image,2025-10-22 15:33:01,285,20,238024,30075,10565,1323,299,44,,,2432.4
P100761,tiktok,food,text,2025-12-08 00:26:07,258,17,58650,14301,8860,1007,213,23,,,1319.6
P100762,tiktok,education,image,2026-01-25 17:38:34,197,2,393659,47614,17699,2079,312,179,,,150.4
P100763,news_site,gaming,carousel,2026-01-24 03:29:05,113,4,51840,26738,18622,760,124,79,,,188.5
P100764,youtube,food,image,2025-11-14 09:01:52,60,9,46450,17170,6165,507,96,11,,,1887.0
P100765,youtube,music,short_video,2026-01-04 23:26:59,256,3,318967,36373,22249,1698,352,39,22.50620758988201,0.2983674228945601,648.6
P100766,news_site,fashion,long_video,2025-12-15 08:37:07,236,11,110421,21160,17733,630,118,24,122.00425687248958,0.6063094258457401,1143.4
P100767,x,gaming,carousel,2025-11-28 23:05:55,72,0,175835,62356,36104,2516,191,116,,,1536.9
P100768,news_site,gaming,text,2025-10-18 05:04:03,177,2,157266,20239,12009,1304,161,171,,,2538.9
P100769,news_site,gaming,long_video,2025-11-16 07:00:47,186,0,108473,31074,26541,2108,409,48,140.4962998946847,0.623603042393031,1841.0
P100770,instagram,music,long_video,2025-12-20 04:27:43,143,6,380938,70735,53587,7236,1468,941,171.54855923995842,0.7247356882017579,1027.5
P100771,tiktok,travel,text,2026-01-30 08:32:09,278,16,346004,21602,13393,905,175,93,,,39.5
P100772,x,music,short_video,2025-10-01 14:26:13,37,3,119540,32829,22775,3201,574,323,18.739524442510103,0.618065977326435,2937.6
P100773,news_site,fashion,carousel,2025-12-28 06:49:40,77,20,343487,18540,13714,807,119,165,,,833.2
P100774,instagram,tech,text,2026-01-13 02:23:10,28,5,356793,28136,14834,998,133,100,,,453.6
P100775,tiktok,education,short_video,2026-01-25 23:55:34,208,0,269676,93887,80049,4878,1015,570,22.55429809490801,0.2819086923746023,144.1
P100776,youtube,travel,long_video,2025-11-22 03:04:06,193,7,289277,61307,37569,4576,522,387,177.11628481475893,0.6826958177373583,1700.9
P100777,x,gaming,carousel,2025-10-15 13:44:55,297,15,467491,37352,21184,1171,220,160,,,2602.3
P100778,instagram,education,carousel,2025-11-03 07:53:42,163,2,227048,43526,19714,1082,214,161,,,2152.1
P100779,x,tech,image,2026-01-13 14:46:30,45,1,192830,25926,10859,1306,235,29,,,441.2
P100780,tiktok,gaming,carousel,2026-01-16 23:39:49,135,17,269592,46458,19424,2546,298,191,,,360.3
P100781,tiktok,sports,image,2025-12-18 08:38:30,26,12,417964,69455,37066,4346,728,97,,,1071.4
P100782,youtube,education,long_video,2025-10-16 02:19:47,201,7,354851,40433,29813,2004,180,295,76.71103947134426,0.49896910795507565,2589.7
P100783,youtube,fashion,image,2025-10-15 23:54:45,202,15,37754,10491,3755,227,23,50,,,2592.1
P100784,x,gaming,long_video,2025-11-28 19:33:50,258,17,229746,26487,24307,1798,240,145,32.60262399653996,0.3149434700710652,1540.4
P100785,tiktok,travel,text,2025-12-12 08:32:14,102,7,369967,21514,15532,1459,118,200,,,1215.5
P100786,news_site,education,long_video,2025-10-04 23:34:54,93,11,112114,13786,12408,1464,352,209,179.5810778556003,0.7208537018408185,2856.4
P100787,instagram,education,short_video,2025-12-24 09:21:22,21,0,494226,140922,86719,8343,1604,190,10.679838854636246,0.6993090657288241,926.6
P100788,news_site,education,image,2025-12-06 23:23:36,124,6,404092,47855,25386,3799,300,468,,,1344.6
P100789,instagram,travel,text,2025-10-02 12:19:03,143,12,423329,20576,9219,900,169,21,,,2915.7
P100790,x,sports,image,2025-10-12 18:26:24,227,4,41046,4749,3491,197,29,17,,,2669.6
P100791,tiktok,gaming,long_video,2025-11-25 21:08:47,226,20,289916,48103,29355,3460,600,101,147.8634523063356,0.42684752112878344,1610.9
P100792,tiktok,tech,long_video,2025-12-28 21:04:19,42,20,263988,94262,61535,8488,1843,744,117.55950347024408,0.5407856590849102,818.9
P100793,instagram,politics,image,2026-01-10 12:34:44,85,5,313457,33775,17884,2759,398,61,,,515.4
P100794,x,sports,long_video,2025-11-23 01:12:07,153,8,425160,88440,67558,7694,718,1300,42.97424952585904,0.4678702051171545,1678.8
P100795,instagram,tech,image,2025-11-06 07:53:59,100,3,176774,35360,12912,876,70,187,,,2080.1
P100796,x,education,carousel,2026-01-28 02:27:06,7,10,267082,36671,17130,960,157,197,,,93.5
P100797,x,politics,text,2025-11-26 09:38:01,254,2,339806,14242,5684,443,92,10,,,1598.4
P100798,news_site,politics,text,2025-11-08 19:01:49,220,8,376643,43767,17111,2412,346,53,,,2021.0
P100799,x,food,carousel,2025-11-24 09:42:40,156,11,385243,33116,19020,1656,196,37,,,1646.3
