Post_ID,Platform,Content_Type,Views,Likes,Comments,Shares
1,Facebook,Reel,15391,1307,109,60
2,Instagram,Story,31272,4458,145,121
3,Facebook,Story,37480,3206,248,65
4,Twitter,Image,32497,5824,412,242
5,YouTube,Post,22822,4654,186,165
6,YouTube,Story,14890,836,26,81
7,TikTok,Reel,41090,2918,315,277
8,YouTube,Story,1922,382,31,13
9,Instagram,Story,10016,2144,63,88
10,TikTok,Post,26692,5869,295,216
11,Facebook,Reel,38225,5055,254,315
12,Twitter,Video,46417,10087,1142,390
13,YouTube,Image,28489,4003,355,61
14,TikTok,Post,27892,4957,347,130
15,Facebook,Image,10101,887,131,82
16,TikTok,Post,10609,1322,183,108
17,Twitter,Video,27217,4311,375,247
18,Instagram,Reel,17208,3213,420,121
19,YouTube,Image,18905,2544,254,252
20,Facebook,Image,24480,3450,118,90
21,TikTok,Reel,5143,637,26,49
22,TikTok,Reel,42258,6555,530,608
23,YouTube,Reel,13675,1986,175,107
24,Twitter,Story,2802,219,13,18
25,Facebook,Story,10078,1684,115,78
26,TikTok,Video,3903,322,11,24
27,Facebook,Reel,17178,4146,569,297
28,Instagram,Reel,44277,8601,933,114
29,Instagram,Image,30952,2967,363,168
30,TikTok,Video,18429,1351,96,20
31,YouTube,Story,24473,5316,610,519
32,Facebook,Image,30741,7139,474,592
33,Facebook,Post,25066,2090,52,169
34,Instagram,Video,22413,3995,440,138
35,Twitter,Image,2850,388,20,32
36,Twitter,Reel,10473,860,52,42
37,Facebook,Post,45077,7058,742,385
38,Twitter,Video,6681,1193,53,97
39,TikTok,Reel,26519,1683,52,49
40,YouTube,Story,17365,4295,438,372
41,Twitter,Post,26512,4842,554,359
42,TikTok,Reel,17890,2225,297,220
43,Facebook,Image,37807,3156,357,133
44,Twitter,Reel,41668,3439,320,331
45,TikTok,Post,22753,1241,139,112
46,Instagram,Reel,33131,6310,886,537
47,TikTok,Video,30986,5884,162,145
48,Instagram,Image,2516,420,37,6
49,Twitter,Story,7484,824,44,23
50,Twitter,Post,16617,1285,71,105
51,Facebook,Story,19510,1113,52,19
52,Twitter,Reel,22752,2576,257,130
53,Twitter,Reel,16755,1551,213,75
54,Facebook,Story,38155,5328,489,120
55,TikTok,Video,9590,1593,143,63
56,TikTok,Story,43807,3309,179,128
57,TikTok,Post,35373,8619,1107,331
58,YouTube,Image,25243,2746,274,166
59,Instagram,Image,47910,2613,179,50
60,Facebook,Post,21176,3487,195,124
61,Facebook,Reel,47601,11209,459,779
62,Twitter,Post,30587,3719,342,93
63,YouTube,Post,9680,936,72,12
64,Instagram,Post,24155,4425,296,394
65,TikTok,Image,13308,686,90,12
66,Twitter,Story,40415,2532,280,119
67,Instagram,Image,38549,3385,170,78
68,Instagram,Reel,5569,1275,97,61
69,TikTok,Post,46531,4995,345,165
70,Twitter,Post,10149,1058,120,52
71,TikTok,Video,18411,3674,511,173
72,Instagram,Post,44085,6933,243,118
73,Twitter,Story,29329,5312,247,91
74,Instagram,Image,49779,12193,1587,372
75,YouTube,Post,14790,2524,264,64
76,YouTube,Reel,15793,1626,125,46
77,YouTube,Post,11216,2633,289,175
78,YouTube,Story,10159,1758,38,175
79,Twitter,Story,44667,3187,334,94
80,YouTube,Story,24372,3806,429,333
81,TikTok,Post,33054,3518,246,293
82,TikTok,Story,27166,6296,135,420
83,Instagram,Post,30948,4619,401,408
84,TikTok,Video,13761,3340,327,238
85,YouTube,Image,16502,1035,29,64
86,Instagram,Story,3201,481,23,38
87,TikTok,Reel,42582,7508,661,585
88,Twitter,Story,39774,6332,709,592
89,YouTube,Reel,18035,4328,349,161
90,YouTube,Image,6365,924,53,88
91,Instagram,Video,16529,943,28,74
92,Facebook,Image,42924,8518,336,198
93,Instagram,Reel,28563,6674,140,195
94,TikTok,Story,19538,2174,180,168
95,YouTube,Story,42577,5688,341,127
96,TikTok,Post,36817,3684,501,48
97,Twitter,Story,14612,1227,76,47
98,TikTok,Post,32669,6343,665,462
99,Instagram,Image,36436,4582,667,437
100,Facebook,Video,11117,1367,54,91
